id,title,company,predicted_skills,final_skills,notes,text
3900980597,"Clinical Psychologist - Lincoln, NE",The Job Network,manage time; prescribe medication; psychology,manage time; prescribe medication; psychology,,"MRG Exams Providing Disability Assessments Nationwide To Serve Our Veterans Help Military Families – Achieve Work-Life Balance – Make a Difference Founded in 1998, MRG is a provider of Independent Medical Exams for Worker’s Compensation, Disability, and the Veterans Administration. Find out more at MRGExams.com. Job Overview Are you a Licensed Psychologist with a PsyD, or Ph.D. looking to take on an assessment role? Are you interested in performing Independent Medical Assessments vs. traditional patient care? Would you find it rewarding to serve the Veteran community? Would you enjoy being able to review medical records and complete assessment questionnaires to help Veterans? Description We are looking for a Licensed Psychologist to perform medical assessments on United States Veterans as part of the VA’s disability benefits process. In performing Disability Assessments, you will review behavioral health records electronically through a secure Web Portal and perform a comprehensive assessment in person on each Veteran. You will also complete Disability Benefits Questionnaires (DBQs) through the Web Portal. The Licensed Psychologist DOES NOT make disability determinations. The U.S. Veterans Administration makes all disability determinations, in part using the findings recorded in the DBQs. This role ONLY performs Disability Assessments on Veterans. You will NOT treat, and you will NOT prescribe medication in this position. Licensed Psychologist will review and assess 3 (sometimes 4) Veterans per day on average. Licensed Psychologist will be brought on as an Independent Contractor Schedule Part-Time- Mon, Tues, Wed (8 am-5 pm) This is an IN-PERSON position. Requirements MRG Exams is looking for a Licensed Psychologist who: Has a Ph.D. or Psy.D and has graduated from an APA Accredited program/school. Holds an active & unrestricted Psychology license. Benefits Malpractice Insurance covered by MRG Health insurance options available. PandoLogic. Keywords: Clinical Psychologist, Location: Lincoln, NE - 68503"
3889447427,Sous Chef Fine Dining,Goodwin Recruiting,communication; plan,communication; plan,,"To Apply for this Job Click Here Nestled in the heart of Houston, our restaurant has garnered acclaim for its innovative approach to fine dining, where every dish is crafted with passion and precision. We are committed to providing an unforgettable experience that delights the senses and leaves a lasting impression on our guests. Position Overview We are seeking a talented and experienced Sous Chef to join our culinary team. The Sous Chef will work closely with the Executive Chef to maintain the highest standards of culinary excellence and uphold our reputation as one of the finest dining destinations in Houston. The ideal candidate will be a creative and dynamic individual with a strong background in fine dining, exceptional leadership skills, and a passion for delivering exceptional cuisine. Responsibilities Collaborate with the Executive Chef to plan and develop innovative menus that showcase seasonal ingredients and elevate the dining experience.Oversee day-to-day kitchen operations, ensuring efficiency, quality, and consistency in all culinary endeavors.Supervise and mentor kitchen staff, providing guidance and support to foster a culture of teamwork, excellence, and continuous improvement.Maintain strict adherence to food safety and sanitation standards, ensuring compliance with all regulatory requirements.Assist in inventory management, ordering supplies, and controlling food costs to maximize profitability.Exhibit strong leadership skills by leading by example, fostering a positive work environment, and inspiring a culture of excellence and creativity in the kitchen. Requirements Proven experience as a Sous Chef or senior position in a fine dining establishment.Culinary degree or equivalent certification preferred.Extensive knowledge of culinary techniques, ingredients, and flavor profiles.Strong leadership and management skills with the ability to motivate and inspire a team.Exceptional organizational and time management skills with the ability to thrive in a fast-paced environment.Excellent communication and interpersonal skills.Flexibility to work evenings, weekends, and holidays as required. Benefits Competitive salary commensurate with experience.Health, dental, and vision insurance coverage.Paid vacation and sick leave.Opportunities for career growth and advancement.Discounted dining at our stores for employees and their families. Join our team and be part of a culinary journey where creativity, innovation, and excellence converge to create extraordinary dining experiences. If you have a passion for fine dining and a drive for culinary excellence, we invite you to apply for the position of Sous Chef. At Goodwin Recruiting we are committed to our core values. We take our value, Dedicated to Diversity & Inclusion, very seriously and will never discriminate against a candidate or client based on any protected classes. Our clients seek qualified candidates, and that is what we deliver. A person's age, gender, race, sexual orientation, gender identity, national origin, veteran or disability status, or arrest or conviction record has no bearing on whether he, she, or they are able to do the job. We evaluate the knowledge, skills, and abilities that meet the requirements of the position and aim to open doors and change lives. We value all people, understanding that uniqueness and diversity foster a stronger team that is innovative and brings varying perspectives to the table. We put our money where our mouth is and are proud of our efforts to identify a broad slate of candidates, with many hiring success stories to share. JOB ID: 134206 #post Fred Lutz To Apply for this Job Click Here , $65,000 - $75,000,"
3884846560,Vice President – Digital Marketing Strategy – Head of Commerce Payments,JPMorgan Chase & Co.,apply information security policies; business loans; communication; economics; lead others; metrology; plan; pregnancy; project management; think creatively,apply information security policies; business loans; communication; economics; lead others; metrology; plan; pregnancy; project management; think creatively,,"Job Description Join our dynamic Payments Marketing team, a key part of Connected Commerce, where you will have the opportunity to promote growth and engagement with our innovative payment products, within Commerce Payments – a newly designed product group organized to support our customers in paying where, when, and how. As the Vice President, Digital Marketing Strategy Head of Commerce Payments, you will be the key marketing stakeholder in standing up Commerce Payments as a standalone product business and partnering closely with the product team as well as cross-functionally across Chase (both credit card and consumer bank). This role will be focused on scaling the Commerce Payments products with strategy and objective development, KPI measurement and management of new product launches and innovation capabilities to grow digital adoption and usage, which support key Commerce business and product priorities. As the Commerce Marketing Strategy Lead you will focus on the recommendation and prioritization of areas of opportunity and the integration of key messaging/benefits into compelling, measurable and cross-functionally supported marketing plans. This role provides an opportunity to contribute to the growth of the payments business and work in a fast-paced, results-promoted, highly dynamic environment. Job Responsibilities Scale Commerce with new product and integration launches; design go-to-market plans, and ongoing management of new payment products and capabilities Be the key marketing stakeholder in the design of Commerce payments as a standalone product group; establishing marketing OKRs and consistent KPI reporting, assist in the establishment of controls and implement required cadence and establish new cadence and leadership position within the Commerce Payments teamDrive awareness and education; design always on messaging leveraging owned channels to reinforce new/existing product features and benefits Preferred Qualifications, Capabilities And Skills Proactive, positive attitude, self starter approachThink broadly and analytically, can embrace the white space to drive new approaches to business improvements and influence change An innovative thought leader, change agent and strategic thinker who understands market, consumer behavior and funnel dynamics Proven track record in developing strategy and connecting it to actionable and measurable roadmap to achieve desired business goalsHave excellent verbal/written communication, and strong presentation skillsExceptional leadership, relationship building and influencing skills. The position requires a large degree of cross-functional collaboration and coordination.Create structure, plan, organize and prioritize workstreams regularly to facilitate design and successful delivery of high priority initiatives with tangible outcomesLead, manage and develop 1-2 direct reports Required Qualifications, Capabilities, And Skills Strong project management and communication skills5+ years of marketing experienceExperience working with creative agencies (internal and external) and developing creative briefs ABOUT US Chase is a leading financial services firm, helping nearly half of America’s households and small businesses achieve their financial goals through a broad range of financial products. Our mission is to create engaged, lifelong relationships and put our customers at the heart of everything we do. We also help small businesses, nonprofits and cities grow, delivering solutions to solve all their financial needs. We offer a competitive total rewards package including base salary determined based on the role, experience, skill set, and location. For those in eligible roles, discretionary incentive compensation which may be awarded in recognition of individual achievements and contributions. We also offer a range of benefits and programs to meet employee needs, based on eligibility. These benefits include comprehensive health care coverage, on-site health and wellness centers, a retirement savings plan, backup childcare, tuition reimbursement, mental health support, financial coaching and more. Additional details about total compensation and benefits will be provided during the hiring process. We recognize that our people are our strength and the diverse talents they bring to our global workforce are directly linked to our success. We are an equal opportunity employer and place a high value on diversity and inclusion at our company. We do not discriminate on the basis of any protected attribute, including race, religion, color, national origin, gender, sexual orientation, gender identity, gender expression, age, marital or veteran status, pregnancy or disability, or any other basis protected under applicable law. We also make reasonable accommodations for applicants’ and employees’ religious practices and beliefs, as well as mental health or physical disability needs. Visit our FAQs for more information about requesting an accommodation. Equal Opportunity Employer/Disability/Veterans About The Team Our Consumer & Community Banking division serves our Chase customers through a range of financial services, including personal banking, credit cards, mortgages, auto financing, investment advice, small business loans and payment processing. We’re proud to lead the U.S. in credit card sales and deposit growth and have the most-used digital solutions – all while ranking first in customer satisfaction. We offer a broad array of credit cards to meet the needs of individuals and small businesses, including Chase-branded and co-branded cards in partnership with well-known companies and organizations. Merchant Services is a leading provider of payment, fraud and data security for companies, capable of authorizing transactions across global currencies."
3903884004,Registered Nurse 7 East Cardiac Telemetry (Nights),Endeavor Health,computer science; define part requirements; philosophy; plan; resuscitation; swedish,computer science; define part requirements; philosophy; plan; resuscitation; swedish,,"Position Highlights Sign on bonus: 10K for nightsPosition: Registered Nurse 7 East Cardiac TelemetryLocation: Chicago, ILFull TimeHours: Nights (7p-7:30a); every other weekend required; rotating holidaysRequired Travel: None What You Will Need Graduate from an accredited school of nursing.Communicates effectively.Current Illinois Nursing LicensureAmerican Heart Association CPR CertificationACLS, PALS, NRP may be required within six months depending on the unit requirements General Summary Registered Nurse is accountable for providing high quality, individualized, directed nursing care for all levels of patients and their family in accordance with the mission, vision and philosophy of the Division of Nursing. Responsibilities Essential Functions Demonstrates a commitment to the mission of Swedish Hospital and exhibits a service orientation and adheres to all responsibilities and standards of the hospital.Utilizes the nursing process to assess, diagnosis, plan, implement, and evaluate the delivery of nursing care to patients and their families.Attains knowledge and competency reflective of current standards of practice.Interacts and contributes to the professional development of peers and colleagues.Integrates ethical provisions in all areas of nursing practice. Integrates evidence-based practice and research findings into nursing practice.Systematically enhances the quality and effectiveness of nursing practice.Promotes safety measures to prevent patient and staff injuries.Identifies patients correctly by using two unique ways.Observes, checks and monitors all equipment used to confirm that items are functioning properly.Maintains a safe therapeutic working environment and recognizes need for action in emergency situations.Documentation is thoroughly and timely completed. Other Functions Performs other related duties as assigned or requested. Patient Care/Age Specific Responsibilities And Qualifications Staff Nurses working in specialty areas possess a knowledge of procedures specific to that patient population including age specific needs. MANAGEMENT RESPONSIBILITY Committee membership and participation INTERNAL AND EXTERNAL CONTACTS Patients and their families and significant others, Division of Nursing Staff, Medical Staff, and other hospital personnel. ACCESS TO PROTECTED HEALTH INFORMATION Computer system access for the Nursing Division is assigned based on criteria and on the minimum necessary as described in this job description. Approval for level of access is given by the system administrator (for Nursing Division, this is Nursing Informatics) or the department that has ownership of system/module. See computer system Access Control policy. May be in an upright position and moving about most of the working timeMay lift heavy objectsUse of computerPotential for exposure to chemicals, airborne diseases, blood and bodily fluidsRisk of injury by violent patient EOE: Race/Color/Religion/Sex/National Origin/Protected Veteran/Disability The above statements are intended to describe the general nature and level of work performed by employees assigned to this classification. They are not intended to be as an exhaustive list of all responsibilities, duties and skills required of personnel so classified. Benefits Career Pathways to Promote Professional Growth and DevelopmentVarious Medical, Dental, and Vision optionsTuition ReimbursementWellness Program Savings PlanHealth Savings Account OptionsRetirement Options with Company MatchPaid Time Off and Holiday PayCommunity Involvement Opportunities"
3905337400,Software Defined Radio (SDR) Engineer,Protingent,algorithms; assume responsibility; c++; communication; computer engineering; electronics; field-programmable gate arrays; integrated circuits; laboratory equipment; signal processing; think creatively,algorithms; assume responsibility; c++; communication; computer engineering; electronics; field-programmable gate arrays; integrated circuits; laboratory equipment; signal processing; think creatively,,"Job Description Position Title: Software Defined Radio (SDR) Engineer Position Description: Protingent Staffing has an exciting Direct Hire Software Defined Radio (SDR) Engineer opportunity located in Falls Church, VA. Job Responsibilities: The SDR Engineer will be responsible for design, development, and testing of all SDR software including its FPGA and host interface. This includes: Evaluating SDRs for incorporation into our payload and spacecraft systemsUnderstanding the hardware-based requirements of SDRs, e.g., FPGA size, speed, internal clock stability, I/O interfaces, sample rates, dynamic range, radio chip architecture, gains and filtering as the signal progresses within the SDR.Designing and evaluating DSP algorithms for satellite communication systemsUpdating or creating host interface software to interact with the SDRsDeveloping test software and drivers to support unit, integration, and system testing of all SDR software functions.Writing this software in C, C++, or other languages in a Linux environmentWorking with other software team members to benchmark payload software applications.Testing and validating hardware blocks both in simulation and on targetDeveloping and maintaining documentation and ICDs for in-house IP blocks and other SDR related software Job Qualifications: A Master’s degree (or better) in Electrical/Computer Engineering or related fieldExcellent foundation in DSP and Communication TheoryAt least three years of recent experience working with SDRsIn-depth knowledge of digital signal processing (DSP) algorithms and communication theory (e.g., filter design, clock recovery, signal detection, channel estimation and equalization)Experience with implementing DSP algorithms in C/C++Experience with device driversAbility to create testbenches for benchmarking and testingKnowledge in PHY and MAC layers of cellular standards (e.g., GSM, LTE, 5G) is a plus.Experience with implementing DSP algorithms in FPGAs is a plus, but optionalExperience using lab equipment for testing and validationExperience with evaluating SDR platforms and specifications Job Details: Direct HireLocation: Falls Church, VA About Protingent: Protingent is a niche provider of top Engineering and IT talent to Software, Electronics, Medical Device, Telecom, and Aerospace companies nationwide. Protingent exists to make a positive impact and contribution to the lives of others as well as our community by providing relevant, rewarding, and exciting work opportunities for our candidates."
3894899379,Healthcare Fraud Investigator,Ardelle Associates,fraud detection; law enforcement; manage time; write work-related reports,fraud detection; law enforcement; manage time; write work-related reports,,"Ardelle Associates is seeking Healthcare Fraud Investigator to support the Department of Justice (DOJ) United States Attorney’s Office (USAO) in Pensacola, FL. The investigator will provide investigator services to the USAO in connection with healthcare fraud matters, with particular emphasis on civil healthcare investigations and litigation pursued under the False Claims Act. These services will include, without limitation:DutiesIndependently plans and conducts all aspects of healthcare fraud investigations. Cases may involve sensitive matters.Develops an understanding of all applicable federal laws and regulations to the extent necessary to make sound decisions on the direction and scope of investigations.Works with Assistant U.S. Attorneys (AUSAs) to determine proof required to demonstrate violations of law, and to devise and select most effective investigative methods for obtaining, preserving, and presenting such proof.Coordinates with Attorneys and any law enforcement agents to conduct witness interviews and/or surveillance as necessary to support the investigation or litigation of the particular case, and write reports documenting the interviews and/or surveillance.Conducts public record research as necessary to locate witnesses or surveillance sites. Surveillance activities occur in locations that are open and accessible to the public where there is little to no risk of physical harm.Coordinates with AUSAs to prepare written requests for information (e.g., subpoenas, discovery requests) relevant to the investigation or litigation of the particular case. Analyzes records produced in response, and assists in categorizing those records material to particular witnesses or the larger case. Records will include claims data and patient files.Experience & Education5 years of planning and executing civil and criminal fraud investigation ExperienceA working knowledge of federal False Claims Act. The investigator should be able to identify documentary and testimonial evidence relevant to violations of this statute.Experience drafting legal processes for obtaining information relevant to ongoing investigations, such as subpoenas, affidavits in support of search warrants, or written discovery requests.Experience in analyzing, organizing, and presenting large volumes of dataLegal and law enforcement terminologyMust have a valid driver's licenseFour year undergraduate degree is preferredJob Types: Full-time, ContractPay: $32.00 - $38.00 per hourBenefits: 401(k) matchingDental insuranceHealth insuranceLife insurancePaid time offVision insurance Schedule: 8 hour shiftMonday to Friday Travel requirement: Up to 25% travel Education: Bachelor's (Preferred) Experience: civil or criminal complex investigations: 5 years (Preferred) Ability to Relocate: Pensacola, FL 32502: Relocate before starting work (Required) Work Location: In person Edit job"
3904385746,Maintenance Manager,RPM Living,carpentry; communication; computer assisted language learning; lead others; morality; perform cleaning duties; plan,carpentry; communication; computer assisted language learning; lead others; morality; perform cleaning duties; plan,,"Overview Looking for something different? We ARE that something different at RPM Living. Dynamic and fast growth culture and multiple nationwide opportunities let YOU shape your future with us. Top industry pay and benefits, best industry practices, career training and education, people-first focus...… we show you the way to success. The position: The Maintenance Manager is responsible for maintaining the physical integrity of the community at all times. This involves insuring a clean and well maintained living environment for residents, visitors and staff. It is the Maintenance Manager’s duty to anticipate, identify and correct any and all problems involving the property and to implement procedures that will prevent such problems. The ideal candidate will be passionate about one’s work with excellent communication skills. The pay: The anticipated pay range for this opportunity is $26.00-$28.00 an hour plus monthly bonuses and competitive benefits package. Responsibilities Supervises and ensures the proper maintenance of the property and grounds based on RPM and property objectives Safely supervises and directs maintenance staff Maintains property operating budget, including creating PO and getting approval prior to purchases Review work orders, prioritize and complete in a safe and timely manner Ensure all work orders are responded to within 24 - 48 hoursDevelop schedules, coordinate and manage make-ready program for the property in conjunction with the property manager and property staff Coordinate with vendors and contractors to complete work in a safe and timely mannerProperly secure and care for property equipment and suppliesImplement preventative maintenance plan Walk property weekly, identify maintenance & safety related issues and manage repair process Ability to be on call for after-hours emergencies Qualifications A minimum of 2 years of related experiencePrior experience in Multifamily Community maintenance, plumbing, carpentry, electrical, and painting preferredValid Driver’s License EPA or HVAC certification; CPO certification preferred Employment with RPM Living is contingent upon successful completion of a background check and possessing a valid driver’s license. RPM Living is an Equal Opportunity Employer. This job title is associated with Apartment Maintenance, Lead Maintenance, Maintenance Supervisor, Community Maintenance Lead, or Maintenance Director. Company Information Join RPM Living and experience exceptional benefits designed to enhance your life. Weekly pay for all associates working onsite at an apartment community Comprehensive healthcare coverage available for all full-time, regular associates Employer paid employee assistance, mental health, and wellness programs Ancillary benefits including critical illness, hospital indemnity, and accident insurance 401(k) with robust company match Opportunities for progressional development career growth and role-based learning plans Diversity, Equity, Inclusion and Belonging (DEIB) and multiple Employee Resource Groups (ERG) Paid time off plus floating holidays and volunteer days Discounted Perks (Costco membership, movie tickets, health & wellness, entertainment & travel discounts) RPM Living participates in E-Verify. For more information, see the E-Verify Participation Poster and the Right to Work Poster ."
3901691958,Events Sales Coordinator,Beacon Hill Staffing Group,communication; history; lead others; life sciences; trademarks; work independently,communication; history; lead others; life sciences; trademarks; work independently,,"Are you an experienced professional looking to join an esteemed hotel? Our client is search for a temporary to hire Event Sales Coordinator in Washington, DC! Collaborate with various departments and customers to ensure seamless event execution, serving as a crucial liaison between sales personnel and clients. Your proactive approach in resolving operational challenges and managing banquet and meeting spaces will contribute to exceptional customer satisfaction. This is the perfect opportunity to showcase your administrative prowess and contribute to impactful events, apply now!About the Job:Prepare event documentation and collaborate with sales, hotel departments, and clients for consistent, high-level service throughout all event phases, identifying opportunities for revenue optimization.Act as a liaison between field sales personnel and clients throughout events, ensuring a visible presence and offering solutions to any challenges.Proactively identify and address operational challenges during events, working with hotel staff and clients to find effective solutions.Manage banquet and meeting space for assigned groups, ensuring optimal utilization and client satisfaction.Advise sales staff on accommodating client demands and support promotional efforts, lead generation, and re-bookings.Input and access data in computer systems to generate account history reports, facilitating effective event management.About You:1+ years of administrative or hospitality experience is required; strong internships count!Proficiency with Microsoft Office Suite and Salesforce.Tech savvy with strong written and oral communication skills.Experience using Delphi is strongly preferred.Attention to detail and ability to work independently are required.About the Position:$20/hr while temporary$24/hr when permanent100% on-siteOffice in Washington, DC Beacon Hill is an Equal Opportunity Employer that values the strength diversity brings to the workplace. Individuals with Disabilities and Protected Veterans are encouraged to apply. If you would like to complete our voluntary self-identification form, please click here or copy and paste the following link into an open window in your browser: https://jobs.beaconhillstaffing.com/eeoc/ Completion of this form is voluntary and will not affect your opportunity for employment, or the terms or conditions of your employment. This form will be used for reporting purposes only and will be kept separate from all other records. Company Profile: Founded by industry leaders to set a new standard in search, career placement and flexible staffing, we deliver coordinated staffing solutions with unparalleled service, a commitment to project completion and success and a passion for innovation, creativity and continuous improvement. Our niche brands offer a complete suite of staffing services to emerging growth companies and the Fortune 500 across market sectors, career specialties/disciplines and industries. Over time, office locations, specialty practice areas and service offerings will be added to address ever changing constituent needs. Learn more about Beacon Hill Staffing Group and our specialty divisions, Beacon Hill Associates, Beacon Hill Financial, Beacon Hill HR, Beacon Hill Legal, Beacon Hill Life Sciences and Beacon Hill Technologies by visiting www.beaconhillstaffing.com. We look forward to working with you. Beacon Hill. Employing the Future (TM)"
3895826765,Youth Care Worker I SAFEty,Heartland Alliance,communication; patents; politics,communication; patents; politics,,"Position: Youth Care Worker Location: Rogers Park, Chicago, IL Shift: 12a-8:30a Summary: Passionate about Youth Well-being? Join Us as a Youth Care Worker. Are you ready to make a meaningful impact on the lives of youth? We're seeking dedicated individuals like you to join our team as Youth Care Workers. In this role, you'll provide direct care, supervision, and support to ensure the safety and well-being of the youth in our SAFEty program. If you're passionate about advocacy, education, and being a positive role model, we invite you to apply! Our Benefits Medical insurance.Dental insurance.Vision insurance.401(k) match.Paid maternity leave.Paid paternity leave.Commuter benefits.Student loan assistance.Tuition assistance.Disability insurance. Duties & Responsibilities Condu cts intakes and assessments.Implements Individual Service Plans and behavior mentorship plans.Supervises and ensures the safety of youth during shifts.Engages youth in daily routines and activities.Maintains program documentation and submits reports on time.Provides supportive supervision and guidance.Utilizes Crisis Prevention Institute (CPI) techniques.Assists with household responsibilities in residential programs. Qualifications High sch ool diploma or equivalent.Minimum 1 year of experience in youth services or related field.At least 21 years of age.A valid driver's license may be required.Ability to pass a background check by the Illinois Department of Children and Family Services. Knowledge/Skills/Abilities (K/S/A) Ability to maintain professionalism and confidentiality.Commitment to the mission and values of the organization.Strong interpersonal, oral, and written communication skills.Initiative and time management in a fast-paced environment.Problem-solving skills and ability to engage youth effectively.Willingness to participate in recreational and therapeutic activities.Flexibility to attend training session s outside regular hours. Physical Demands: The physical demands described here are representative of those that must be met by an employee to successfully perform the essential functions of this job. Reasonable accommodations may be made to enable individuals with disabilities to perform essential functions. Ability to remain on organization premises during breaks and meal periods. Training & Development During your first two weeks yo u will attend a training program to become acquainted with the Safety Program and Operations as well as an overview of the Heartland Human Care Services Organization.Annually you will participate in essential training.Additionally, Heartland offers several online courses fo r professional development. Equal Opportunity Employer Statement Heartland Human Care Services makes all hiring and employment decisions, and operates all programs, services, and functions without regard to race, receipt of an order of protection, creed, color, age, gender, gender identity, marital or parental status, religion, ancestry, national origin, amnesty, physical or mental disability, protected veterans status, genetic information, sexual orientation, immigrant status, political affiliation or belief, use of FMLA, VESSA, military, and family military rights, ex-offender status (depending on the offense and position to be filled), unfavorable military discharge, membership in an organization whose primary purpose is the protection of civil rights or improvement of living conditions and human relations, height, weight, or HIV infection, in accord with the organization's AIDS Policy Statement of September 1987. 12a-8:30a"
3904956957,"Stock Associate, Tulare Outlet",Michael Kors,adapt to change; customer service; pregnancy,adapt to change; customer service; pregnancy,,"STOCK ASSOCIATE THE OPPORTUNITY Our contributors at Michael Kors are stylish, fashion forward individuals who are passionate about the customer experience and achieving results. As a Stock Associate, you are a flexible team player with the ability to multitask and thrive in a fun, inspiring and fast-paced store environment. WHAT YOU’LL DO: Keep selling floor and stock room neat, organized and stocked Execute all shipping and receiving protocols and policies Demonstrate flexibility and perform stock tasks with speed and excellence Ensure cleanliness and visual standards are maintained throughout the day Consistently support selling team with business needs while prioritizing the customer experience Drive Omni channel sales by utilizing all available tools and technology WE’D LOVE TO SEE: 1+ year of relevant retail experience Energetic and motivated with the ability to drive results Customer service focused Technologically savvy, organized individual THE BENEFITS Cross-Brand Discount Internal mobility across Versace, Jimmy Choo and Michael Kors Exclusive Employee Sales At Capri, we are all responsible for creating a diverse and inclusive workplace. We try to inspire change and growth within each other and believe success is a result that comes from our differences. Capri is proud to be an equal opportunity employer committed to inclusivity regardless of age, sex, sexual orientation, gender identity, genetic characteristics, race, color, creed, religion, ethnicity, national origin, alienage, citizenship, disability, marital status, military status, pregnancy, or any other legally-recognized protected basis prohibited by applicable law. M/D/F/V In compliance with certain Pay Transparency laws, employers are required to disclose a salary range. The salary for this position will vary based on role requirements, skill set and years of experience."
3887895966,Full Time - Fulfillment Team Lead - Day,"Lowe's Companies, Inc.",customer service; evaluate training; lead others; perform cleaning duties; perform procurement processes; plan,customer service; evaluate training; lead others; perform cleaning duties; perform procurement processes; plan,,"What You Will Do All Lowe’s associates deliver quality customer service while maintaining a store that is clean, safe, and stocked with the products our customers need. As a Fulfillment Lead, this means: Picking and checking merchandise for customer pickup, delivery, and installer pickup. Being friendly and professional, and engaging customers as they enter the store, helping them find merchandise if needed. Engaging in safe work practices and encouraging others to do the same. The Fulfillment Lead spends most of his/her time checking, managing, and fulfilling orders. These orders consist of online, pick up later, delivery, install and pro. As Fulfillment Lead, he/she provides supervision, coaching, and support to the Fulfillment Associates. This associate also assists by making recommendations to solve issues and by prioritizing work to meet customer needs. Travel Requirements: This role does not require regular travel; however, this role may need to travel on occasion to meetings, trainings, or to support neighboring stores. What We're Looking For Hourly Full Time or Part Time: Generally scheduled 39 to 40 or up to 25 hours per week, respectively; more hours may be required based on the needs of the store. Requires morning, afternoon and evening availability any day of the week. Physical ability to perform tasks that may require prolonged standing, sitting, and other activities necessary to perform job duties. Minimally must be able to lift 25 pounds without assistance; may lift over 25 pounds with or without assistance. Minimum Qualifications What You Need To Succeed Ability to read, write, and perform basic arithmetic (addition, subtraction). 6 months of experience using a computer, including inputting, accessing, modifying, or outputting information. 6 months experience using common retail technology, such as smart phones and tablets. 1 year of retail experience providing customer service, including identifying and resolving customer issues, greeting customers, answering phones, building relationships with customers, and thanking customers for their business. Ability to obtain sales related licensure or registration as may be required by law. Preferred Qualifications 6 months experience working in any department at a Lowe’s retail store. 6 months of experience in an administrative role processing and filing paperwork including invoices. 1 year of supervisory experience in any field, including directing, delegating, evaluating, training, and coaching employees. 1 year of experience in a customer service or product fulfillment position at a home improvement or hardware retailer in related department (e.g., kitchen, plumbing, electrical, lawn and garden). Pay Range for CA, CO, HI, NJ, NY, WA: $17.50 - $18.20 per hour Starting rate of pay may vary based on factors including, but not limited to, position offered, location, education, training, and/or experience. For information regarding our benefit programs and eligibility, please visit https://talent.lowes.com/us/en/benefits. Associate Benefits (https://talent.lowes.com/us/en/joining-our-team) Working at one of the largest retail companies has its perks. We offer exceptional benefits and wellness programs for eligible full-time and part-time associates, tailored for many different lifestyles. Our benefits range from health, vision and dental insurance to paid vacation, tuition assistance and parental and family-building benefits. Plus, we offer learning and development opportunities to help our associates grow their skills and achieve their goals. Health, Dental and Vision insuranceLife and Disability insurancePaid time off based on role, tenure, and locality, including vacation, holidays, sick and volunteer timeFlexible spending and health savings accounts401(k) Retirement account with company matchEmployee Assistance Program with concierge, work/life services and no-cost counseling for all kinds of needsEducation support programs, including tuition assistance and trade skills scholarshipsBusiness Travel Accident insuranceMaternity and Parental leaveAdoption assistanceLowe's Associate Discount and broad discount platformOther discretionary benefits (based on eligibility) include annual bonuses, enrollment in Lowe's Employee Stock Purchase Plan and/or deferred compensation plan, and grant awards Lowe’s is an equal opportunity employer and administers all personnel practices without regard to race, color, religious creed, sex, gender, age, ancestry, national origin, mental or physical disability or medical condition, sexual orientation, gender identity or expression, marital status, military or veteran status, genetic information, or any other category protected under federal, state, or local law. Pay Range for CA, CO, HI, NJ, NY, WA: $17.50 - $18.20 per hour Starting rate of pay may vary based on factors including, but not limited to, position offered, location, education, training, and/or experience. For information regarding our benefit programs and eligibility, please visit https://talent.lowes.com/us/en/benefits."
3898178281,Package Handler - Part Time (Warehouse like),FedEx Ground,electronics; perform warehousing operations,electronics; perform warehousing operations,,"IMMEDIATE OPENINGS! Come for a job and stay for a career! FedEx Ground is part of the rapidly growing warehouse and transportation sector that helps keep America, and our economy, moving. Be part of a winning team and workplace community that cares about who you are as an individual, and your safety in the workplace. Perks And Benefits At FedEx Ground Competitive wages beginning at $20.50 per hour paid weekly for both full and part time opportunities$5,250 tuition reimbursement every year with no lifetime cap! All employees are eligible for this awesome benefit on their first day of employment!Generous paid time off program – work your way up to 5 weeks of PTO a year!Medical, dental and vision benefits after a short waiting period.Flexible scheduling that helps balance your work and personal life.Valuable employee discounts on things like cell phone plans, electronics, cars and restaurants.Free Purple Pathways career development program for all FedEx Ground employees.Paid parental leave for both moms and dads!Employee networks, and diversity, equity and inclusion programs available for all employees. What You Can Expect At FedEx Ground Fast paced and physical warehouse work – why pay for a gym membership when you can get paid while working out?Warehouse duties include loading, unloading, and sorting of packages of various sizes.Part time FedEx Ground employees work one shift a day; full time FedEx Ground employees work two shifts.Shift lengths vary based on package volume – generally part time employees work between 3 and 6 hours a day. Full time employees can expect to work between 6 and 10 hours.Overtime paid after 40 hours a week. EEO Statement FedEx Ground is an equal opportunity / affirmative action employer (Minorities/Females/Disability/Veterans) committed to a diverse workforce. Reasonable accommodations are available for qualified individuals with disabilities. This location accepts applications ongoing if the position is posted. Driving to One FedEx. Address: 3596 Baumberg Ave City: Hayward State: CA Zip Code: 94545 Location: FXG-US/USA/P947/Hayward Colocation Req ID: P25-6798-37"
3884811170,Teacher -Mathematics - High,Douglas County School District,manage time; mathematics; plan; sporting events,manage time; mathematics; plan; sporting events,,"Please complete this application using your full legal name as it appears on your government issued forms of identification when you have time to go from start to finish. Application details cannot be saved along the way, and you must complete and submit the application in one sitting. If you leave your computer and return later, you may time out. REMINDER: Current DCSD employees must apply through their district log-on, this application is for external candidates only! Job Posting Title Teacher -Mathematics - High Job Description Under supervision of the Principal and/or Assistant Principal, teaches and instructs students in academic subject matter, along with social, behavioral, and other educational or related skill areas; plans, develops, organizes, implements, and assesses a comprehensive educational program for students; assists in other school programs as assigned; creates a supportive and flexible program and environment conducive to learning and personal growth according to each student’s ability and interests. Encourages students to develop and fulfill their academic potential. Essential Physical Requirements Occasional lifting, five (5) to ten (10) pounds Frequent sitting and standing Occasional bending and squatting Responsibilities Position Specific Information (if Applicable): As a teacher you would be expected to plan, organize and implement an appropriate instructional program in a learning environment that guides and encourages students to develop and fulfill their academic potential. You are challenged with new teaching methods and educational tools in an ever changing and strategic environment. You would plan, prepare and deliver instructional activities that facilitate active learning experiences and establish and communicate clear objectives for all learning activities. You would utilize technology and integrate the use of technology to provide a variety of learning materials and resources for use in educational activities, instruct and monitor students in the use of learning materials and equipment, observe, evaluate, encourage and provide feedback on student's performance and development. You would maintain accurate and complete records of students' progress and development preparing required reports on students and activities. Teachers are responsible for managing student behavior in the classroom by establishing and enforcing rules and procedures, maintain discipline in accordance with the rules and disciplinary systems of the school, and applying appropriate disciplinary measures where necessary. Our teachers are integral parts of their school and the school community, performing certain duties including but not limited to student support, counseling students with academic problems and supporting certain extracurricular activities such as social activities, sporting activities, clubs and student organizations, participating in department and school meetings, and parent meetings. Certifications Teaching License - Colorado Department of Education Education Bachelor's Degree (Required) Position Type Regular Primary Location: Chaparral High School One Year Only (Yes Or No) No Scheduled Hours Per Week 40 Full-Time Equivalent (FTE) 1.00 Approx Scheduled Days Per Year 185 Work Days Full Salary Range $55,808.00 USD - $116,582.00 USD Annual Position Salary Schedule Eligibility Hard to Hire Licensed position salaries are set based on one of three salary schedules; General, Hard to Hire, and Specialist/Extremely Hard to Hire. DCSD will award up to 7 years of previous licensed teaching experience at the time of hire. Click HERE to view the current DCSD Licensed Salary Schedules*. *All salary amounts listed on the schedules are based on a full-time (1.0) FTE. If applicable, part-time salaries will be prorated according to the assigned FTE. Benefits This position is eligible for health, vision, dental, health savings account (HSA), flexible spending accounts (FSA), District paid and voluntary additional (supplemental) life and accidental death and dismemberment insurance, short and long-term disability, critical illness and accident voluntary insurance, employee assistance program (EAP), voluntary 401(k), 403(b) and 457 retirement plan options. Time Off Plans This position is eligible for paid sick and personal time. This position will be open until filled, but will not be open past: July 5, 2024"
3904719782,DEALER DICE,Boyd Gaming,company policies; games rules; microprocessors,company policies; games rules; microprocessors,,"Position Description Deal assigned games in an accurate manner while providing outstanding customer service. Job Functions Deal craps according to rules of the game and company policies and procedures.Exchange cash for proper amounts of chips.Comprehend and retain gaming regulations and company procedures.Record information on written gaming documents.Calculate spots on dice.Compute payable odds to pay winning bets quickly and accurately.Separate (cut) gaming chips into specific amounts to pay winning players and collect losing bets.Inform customers regarding rules of game.Ensure wagers are placed before dice are thrown.Complete any required forms, records, and documents. Position Requirements Job Specifications Must be at least 21 years of age.Six (6) months of prior experience or dealer’s school strongly preferred.Maintain current knowledge of applicable company policies and gaming regulations.Must have excellent customer skills.Must be able to stand for extended periods of time for majority of shift.Must be able to bend and reach across gaming table.Must be able to use hands to deal and collect playing cards.Must be able to obtain/maintain any necessary licenses and/or certifications. We are an Equal Opportunity Employer and do not discriminate against any employee or applicant for employment because of race, color, sex, age, national origin, religion, sexual orientation, gender identity, status as a veteran, and basis of disability or any other federal, state or local protected class."
3906090695,Neuropsychologist,nan,communication; interact verbally in spanish; neuropsychology; psychology; rehabilitation; report facts; spanish,communication; interact verbally in spanish; neuropsychology; psychology; rehabilitation; report facts; spanish,,"We are a Traumatic Brain Injury Center with offices in Elmhurst, Brooklyn Heights and Manhattan. We are seeking an energetic, self-motivated, collaborative, charismatic and driven Clinical Neuropsychologist to work at our Queens (Elmhurst) or Brooklyn Heights Centers. The position is full time preferably, and reports directly to the Chief Medical Officer. The successful candidate will have the opportunity to participate in all aspects of our multidisciplinary group practice. If you are bilingual and speak Spanish or other languages, that is a plus! Please apply. Visit our website at www.nyctbi.com to learn more about our group. We offer a competitive salary and compensation package. Responsibilities include but are not limited to:Neuropsychological Evaluations/Assessments that include: Conducting Clinical Interview, medical record search, test administration, result interpretation, report writing and diagnostic of impression, as well as providing feedback to the patient.Providing Cognitive Rehabilitation SupervisionContributing to the development of new program ideasSupervising and teaching of traineesCollaborate with the medical team, as well as other professionals from our Group Strong computer skills are required, excellent written and verbal communication skills are necessary. If you feel that you can make a difference, work with Physicians, Nurse Practitioners, Neuro-Optometrists, psychometrists, technicians, and other healthcare professionals to help our patients improve their brain, cogntive functions, and mental health, please submit your application. If you are a NYS Licensed Psychologist, interested in Neuropsychology, please contact us. QualificationsRequirements and expectations:• Ph.D. or Psy.D. from an APA- or CPA- accredited psychology program• An internship with experience in neuropsychology and completion of a two-year postdoctoral fellowship in neuropsychology• Eligibility for licensure in New York• Comprehensive reports written and provided within a structured timeframe.• Ability to communicate effectively with a diverse group of health care professionals"
3905251316,Lead Sales Associate Part Time - TOMMY HILFIGER,Tommy Hilfiger,communication; customer service; energy; history; lead others; manage time; perform services in a flexible manner; sales strategies; think creatively,communication; customer service; energy; history; lead others; manage time; perform services in a flexible manner; sales strategies; think creatively,,"Design Your Future at PVH Lead Sales Associate Part Time - TOMMY HILFIGER The Lead Associate’s primary function is to sell and promote Tommy Hilfiger merchandise through execution of the TH Customer Service Standards. The Lead Associate has cash responsibilities and also performs a variety of operational activities as assigned by Store Management. Overall Responsibilities Consistently provides TH Customer Service to company standard. Keep merchandise filled to appropriate levels on sales floor. Ensure the store is visually distinctive and appearance impeccably maintained. Minimize shortages through proper loss prevention procedures. Demonstrates awareness of store sales plans and results. Demonstrates awareness of individual contribution to business results. Follow all operational policies and procedures. Manage time and prioritize tasks. Demonstrate effective written and verbal communication skills. Attends Take 5 meetings and participates in staff meetings, as required. Customer Service Responsibilities Generate maximum sales potential in accordance with the TH Customer Service standards. Builds repeat customer base through excellent data capturing and service. Maintains strong knowledge regarding product, promotions, and special events in order to communicate to customers for more effective selling. Consistently foster a positive store experience by treating all customers and staff members in a fair and consistent manner. Effectively maintains zone coverage; acknowledges every customer within the zone; treats customers with priority over assigned tasks. Demonstrate effective written and verbal communication skills. Manage time and prioritize tasks. Personal Represent the TH image through personal and professional appearance. Demonstrate professional image and conduct. Must be flexible to work rotating hours, as assigned by management. Communicate concerns to management. Assist in developing Sales Associates. Maintain respect of peer group, staff and supervisor. Create energy and excitement around shared goals and values and acts with integrity. Support all company / management decisions. Change schedules, adapt to the needs of the position, undertaking night shifts, weekends and holidays. Operational Responsibilities Adhere to Policies and Procedures. Observe sales floor and stockroom for loss prevention and advises management of any unusual internal or external activity. Execute Opening and Closing checklist duties as directed by store management to ensure store is always ready for business. Operate all register transactions including that of management (refunds, exchanges, associate sales, post voids, store credits, sale sends, gift cards, cash pulls) Authorized to reconcile all media when requested: Count in register tills, count down register tills, safe cash fund secondary verification, audit registers between cashiers. Able to lift a minimum of 40 pounds and able to stand for long periods of time. Merchandising & Visual Responsibilities Ensure consistent and accurate replenishment of product onto the sales floor. Comply with visual presentation standards. Execute markdowns and re-merchandise, as needed. Maintain store organization fixtures/hardware/general cleanliness. Pay Range:$16.70 - $21.30 PVH currently provides base salary ranges for all positions-on job advertisements-in the United States based on local requirements. These ranges are based on what PVH reasonably believes that it will pay an associate for their base salary for said position at the time of the posting. Individual compensation will ultimately be determined based on a variety of relevant factors including but-not limited to qualifications, geographic location and other relevant skills. PVH is committed to providing a market-competitive total rewards package to eligible associates, which includes diverse and robust health and insurance benefits to meet the varied needs of our associates and an above-market 401(k) contribution to help our associates save for retirement. We also offer career growth opportunities, empowering our associates to design their future at PVH. PVH Corp. or its subsidiary (""PVH"") is an equal opportunity employer and considers all applicants for employment on the basis of their individual capabilities and qualifications, consistent with applicable law and without regard to race, color, sex, gender identity or expression, age, religion, creed, national origin, citizenship status, sexual orientation, genetic information, physical or mental disability, military status or any other characteristic protected under federal, state or local law. In addition to complying with all applicable laws, PVH also has a strong corporate commitment to inclusion, diversity and to ensuring that all current and future PVH associates are compensated solely on job-related factors such as skill, ability, educational background, work quality, experience and potential. To achieve these goals, across the United States and its territories, PVH prohibits any PVH employee, agent or representative from requesting or otherwise considering any job applicant’s current or prior wages, salary or other compensation information in connection with the hiring process. Accordingly, applicants are asked not to disclose this salary history information to PVH"
3902371340,Program Manager – HRIS & Construction software Implementation,Dennis Group,agile project management; communication; computer science; express yourself creatively; food and beverage industry; ict project management methodologies; manage processes; manage resources; manage schedule of tasks; manage time; plan; project management; project management methodology (pm²); solve problems; think creatively; trademarks,agile project management; communication; computer science; express yourself creatively; food and beverage industry; ict project management methodologies; manage processes; manage resources; manage schedule of tasks; manage time; plan; project management; project management methodology (pm²); solve problems; think creatively; trademarks,,"Job SummaryThe Program Manager will be a primary figure in leading the day-to-day project planning, execution coordination and tracking, and facilitation of change (both technical and non-technical) across the company for major business system implementation projects – new software implementations (Deltek, Procore or similar, HRIS, etc.). This role will work with internal IT, HR, construction, and business leads, 3rd party vendors, and other Dennis Group stakeholders to guide projects to successful completion by applying sound project management practices and demonstrating individual leadership in problem solving, communication, and critical thinking throughout the project lifecycle. The Program Manager (PM) will evaluate, develop an implementation schedule, and coordinate with all impacted groups on the implementation and training. In addition, the PM is responsible for delivering successful project outcomes while building relationships and working collaboratively with IT leadership and personnel to properly resource project work effort and address issues to drive increasing levels of project predictability and visibility. The PM will draw upon his/her experience managing complex system implementation projects in a fast-paced growth company environment and must be capable of situationally calibrating process rigor to suit the project. Success in this role will require the ability to draw on and apply best practices in traditional and agile project management methods to build plans, manage resources, and deliver results. The ideal candidate also has experience in Deltek, Procore or similar construction management software programs and HRIS systems (Paylocity, UKG). ResponsibilitiesThe program manager’s daily responsibilities include aligning projects with business objectives, constructing detailed work plans, managing teams, achieving milestones, and communicating the results to stakeholders.Must establish and maintain processes for managing scope during the project lifecycle, setting quality and performance standards, and assessing risks.Assign and monitor resources to ensure project efficiency and maximize deliverables.Report project outcomes and/or risks to the appropriate management channels and escalate issues, as necessary, according to project work plan.Manage contracts with vendors and suppliers by assigning tasks and communicating expected deliverables.Utilize industry best practices, techniques, and standards throughout entire project execution.Monitor progress and make adjustments as needed.Measure and analyze project performance to identify areas for improvement to meet project requirements.Implementing technical strategies that deliver projects on schedule and within budget.Manage projects in a classic agile models.Must be comfortable leading diverse, cross-functional teams from all areas of the business.Lead projects from requirements definition through deployment, identifying schedules, scopes, budget estimations, and implementation plans, including risk mitigation.Establish and maintain relationships with relevant client stakeholders, providing day-to-day project status and changes.Organization and time management skills required to keep projects on track and within budget. Required Education Skills and ExperienceBachelor’s degree in IT, Computer Science, or related discipline is required.Licensure / Certifications: PMP Certification, ERP System or related areas is strongly preferred7+ years in Program / Project Management experience in planning and implementation of new software such as Deltek, HRIS, Procore or similar Construction Management / Project Management software tools.Strong understanding of Program / Project Management methodologies and the system development life cycle (SDLC). Able to blend and “right-size” these practices to fit the project and business need, using Agile methodology where appropriate.A proven track record of managing and successfully launching enhancements, tools, and applications at the local or enterprise level throughout the project lifecycle.Strong attention to deadlines and budgetary guidelines.Strong written and verbal communication skillsExcellent presentation skills.Proven ability to solve problems creatively with excellent analytical skills.Excellent resource planning and task scheduling skills.Candidates must be able to travel up to 25% in support of external contractors, project objectives, team meetings, etc. Physical Requirementsperiods sitting at a desk and working on a computer.times, standing and walking the jobsite over rough terrain can be expectedbe able to lift-up to 15 pounds at times. Travel Requirement~25% travel required to visit project stakeholders and other offices. About UsWe plan, design, engineer, and build food plants for major brands across the country and the world. For the past three decades, we’ve focused exclusively on the food and beverage industry, helping your favorite brands put your favorite foods in the grocery store. Simply put, food isn’t one thing we do, it’s all we do. Dennis Group offers competitive compensation packages commensurate with experience. We provide comprehensive employee benefits including medical, dental, vision, life and disability insurance, paid time off including an open vacation policy, as well as bonus, profit-sharing, and retirement plans. Dennis Group is proud to provide equal employment opportunities (EEO) to all employees and applicants for employment without regard to race, color, religion, sex, sexual orientation, gender identity, national origin, age, disability, or genetics."
3887714081,Customer Success Manager,Mealco,assume responsibility; communication; lead others; plan; trademarks; work independently,assume responsibility; communication; lead others; plan; trademarks; work independently,,"Our CompanyJoin the Mealco team as a Customer Success Manager! We are a New-York based food-tech startup revolutionizing the restaurant industry. We enable the connection between restaurants, creators, and customers to launch & scale top-quality, consistent brand experiences without the costs of traditional brick & mortar. Life at MealcoJoin a dynamic and fun team with a people-centric culture. You'll be part of a passionate and fast-moving group who are dedicated to unlocking the potential of chefs, restaurant partners, and customers by building the best food on-demand ecosystem. Your roleAs a Customer Success Manager, you will be responsible for supporting and growing both individual and enterprise customers. Your role will be to teach them about our product, help facilitate training, and provide them with the right tools and products to grow their businesses. You will play a crucial role in helping our restaurant users maximize their success and bottom-line by utilizing Mealco better. At Mealco you will:Develop strong working relationships with restaurant users to enable their success, solve issues, and gather feedbackGrow current selected customers by upselling new and exciting brands to restaurant usersManage user scorecards to provide next-level performance insights to all usersWork with larger enterprise accounts with oversight of multiple user locationsAnalyze data and develop insights that drive individual user improvement plansOrchestrate and lead cross-collaboration efforts with internal teams to analyze, plan, and communicate the right products, and best practices for each account The ideal candidate will have:(preferred) Experience with key food delivery platformsA passion for client sales communications and enabling successOperations experience in decentralized/remote businessA scrappy, get-it-done attitudeStrong problem-solving skills and analytical mindsetExcellent verbal and written communication skillsA love for restaurants and food deliveryThe ability to thrive in ambiguity and work independently At Mealco, you'll enjoy:A competitive salary with bonus structureFlexible remote work optionsA dynamic and friendly global teamExposure to a leading NYC early-stage startup Ready to join the revolution in food tech? Apply now to become a part of the Mealco team!"
3904419769,Executive Assistant,ServiceNow,application process; communication; cope with stress; demonstrate curiosity; lead others; patents; perform services in a flexible manner; seek innovation in current practices,application process; communication; cope with stress; demonstrate curiosity; lead others; patents; perform services in a flexible manner; seek innovation in current practices,,"Company Description At ServiceNow, our technology makes the world work for everyone, and our people make it possible. We move fast because the world can’t wait, and we innovate in ways no one else can for our customers and communities. By joining ServiceNow, you are part of an ambitious team of change makers who have a restless curiosity and a drive for ingenuity. We know that your best work happens when you live your best life and share your unique talents, so we do everything we can to make that possible. We dream big together, supporting each other to make our individual and collective dreams come true. The future is ours, and it starts with you. With more than 7,700+ customers, we serve approximately 85% of the Fortune 500®, and we're proud to be one of FORTUNE 100 Best Companies to Work For® and World's Most Admired Companies™. Learn more on Life at Now blog and hear from our employees about their experiences working at ServiceNow. Unsure if you meet all the qualifications of a job description but are deeply excited about the role? We still encourage you to apply! At ServiceNow, we are committed to creating an inclusive environment where all voices are heard, valued, and respected. We welcome all candidates, including individuals from non-traditional, varied backgrounds, that might not come from a typical path connected to this role. We believe skills and experience are transferrable, and the desire to dream big makes for great candidates. Job Description What you get to do in this role: We have a great opportunity for an experienced, highly-organized, detail-oriented self-starter with a personable demeanor. You are the glue that keeps our Senior Leadership together. You’re enthusiastic, flexible and a team player with strong interpersonal and communication skills who operates well in a fast paced, ever-changing environment. Responsibilities:Calendar and Meeting management: coordinate internal and external meetings including staff meetings, agency briefings, brown bags, virtual meetings/Zoom scheduling, off- site meetings and events, and one-on-one meetings. Assist with food orders, meeting needs, agenda support and note taking. Proactively manage calendar requests and conflictsMeeting and interview preparation.Provide agendas, resumes and appropriate materials in a timely manner ahead of meetings and interviews.Apply discipline and rigor around meetings by ensuring agendas and clarifying context and purpose with senior leaders you support as well as participants.Work with recruiting team to provide mutually convenient times for candidates and interviewers. Ensure candidates are settled in and supported during the interview process.Handle all travel (flight, hotel, car) arrangements (domestic and international)Expense management duties, which includes submitting expense reports and receipts in a timely mannerProvide onboarding support for new hires. Includes space, equipment requests, onboarding meeting scheduling, preparing cube space and being admin point of contact for new hireSubmit and manage all help desk support requests for Sr. Directors as neededProvide onboarding support for new vendors and agencies, ensuring they have the right access and documents/enablement required to get them up and runningProject work as needed to support each teams’ goals Qualifications This role will support 3 Chief Transformation Officers To Be Successful In This Role You Have 5+ years of administrative assistant experienceProactive, one step ahead work ethic, attitude and approachMulti-taking is not an issue for you, your able to juggle multiple calendars, teams and requests. And be flexible in response to changing priorities and needsAbility to drive schedules and agendas with deeper understanding of contextStrong teamwork and interpersonal skills, with a desire to offer suggestions and improvementsSuperior communication skills with the ability to work across all levels, internally and with agenciesHigh level of confidentiality, discernment and judgmentDesire to grow and take on your own projects and work under pressure while consistently meeting deadlinesYou are a technical wizard with Word, Outlook, PowerPoint, Zoom, Concur, BOX and JV20 Additional Information ServiceNow is an Equal Employment Opportunity Employer. All qualified applicants will receive consideration for employment without regard to race, color, creed, religion, sex, sexual orientation, national origin or nationality, ancestry, age, disability, gender identity or expression, marital status, veteran status or any other category protected by law. At ServiceNow, we lead with flexibility and trust in our distributed world of work. Click here to learn about our work personas: flexible, remote and required-in-office. If you require a reasonable accommodation to complete any part of the application process, or are limited in the ability or unable to access or use this online application process and need an alternative method for applying, you may contact us at talent.acquisition@servicenow.com for assistance. For positions requiring access to technical data subject to export control regulations, including Export Administration Regulations (EAR), ServiceNow may have to obtain export licensing approval from the U.S. Government for certain individuals. All employment is contingent upon ServiceNow obtaining any export license or other approval that may be required by the U.S. Government. Please Note: Fraudulent job postings/job scams are increasingly common. Click here to learn what to watch out for and how to protect yourself. All genuine ServiceNow job postings can be found through the ServiceNow Careers site. From Fortune. © 2022 Fortune Media IP Limited All rights reserved. Used under license. Fortune and Fortune Media IP Limited are not affiliated with, and do not endorse products or services of, ServiceNow."
3889420192,Head of Regulatory Affairs,The Lotus Group LLC,biotechnology; drug administration regulations; lead a team; lead others; neurology; report facts,biotechnology; drug administration regulations; lead a team; lead others; neurology; report facts,,"Head of Regulatory Affairs (Senior Director / Executive Director) Biotech Client, a prominent player in the biotechnology industry focusing on migraine treatments, seeks a seasoned professional for the position of Head of Regulatory Affairs. This role is critical in overseeing regulatory strategies, particularly with assets in Phase 2 and one advancing into Phase 3, necessitating significant FDA interaction. Responsibilities:Develop and implement regulatory strategies aligned with company objectives and FDA requirements for our migraine portfolio.Act as the primary point of contact for FDA interactions, guiding regulatory submissions and responses effectively.Ensure regulatory compliance by monitoring adherence to regulations, guidelines, and standards, addressing potential issues proactively.Collaborate with R&D, Clinical Development, Quality Assurance, and Legal teams to integrate regulatory considerations into product development and commercialization.Manage preparation, submission, and maintenance of regulatory documents, including INDs, NDAs, and other filings.Stay updated on regulatory landscape, providing insights and recommendations to senior management based on regulatory intelligence.Provide leadership and mentorship to the regulatory affairs team, fostering excellence and collaboration. Qualifications:PhD preferred; Master's degree accepted.Minimum 10 years in regulatory affairs within pharma/biotech, with significant FDA interaction. Migraine or neurology therapeutics experience preferred.Track record of successful FDA interactions, including IND submissions, approvals, and post-approval activities.Strong understanding of FDA regulations and processes related to drug development.Proven ability to lead teams, drive results, and ensure regulatory compliance. Will manage 1 direct report with potential of building out team further in the future"
3906072593,Business Service Specialist III,Farm Credit of the Virginias,accounting; communication; customer service; database; deliver outstanding service; electronic communication,accounting; communication; customer service; database; deliver outstanding service; electronic communication,,"Farm Credit of the Virginias is seeking to hire a Business Service Specialist III in its Warrenton, VA Branch. From your first day, you will be part of an engaged and customer-focused team! Our lending location teams rely on our Business Service Specialist to assess and fulfill the needs of our walk-in and telephone customer traffic while at the same time making sure our lending systems are accurate and updated. The Business Service Specialist supports our lending location marketing and sales initiatives, and provides accounting and clerical support. Required Qualifications:• Minimum of high school education with five + years of work experience in lending, finance or related.• Exceptional ability to interact with our customers and deliver outstanding service within an environment of complex loan products and loan systems.• Exceptional customer service skills.• Accomplishes responsibilities with a high degree of independence under limited supervision.• Knowledge of credit and accounting policies and procedures.• Demonstrate exceptional verbal and written communication and listening skills.• Strong interpersonal skills.• Approach work with high standards and a positive attitude, eliciting others' confidence.• Skilled in applying sound judgment and decision making.• Superior attention to detail.• Proficient in Microsoft Office products. Demonstrate ability to learn our software and database programs.• May require travel to other offices to cover for others in the Business Service Specialist role who are out of the office and minimal travel for training.• May require overtime with limited notice to meet customer demands. Salary Range: $42,800-$60,700 plus incentive opportunities (FCV is an EEO/AA employer, including veterans and individuals with disabilities.) If you need a reasonable accommodation for any part of the employment process, please contact us by email at CNorthrop@FCVirginias.com and let us know the nature of your request and your contact information. Requests for accommodation will be considered on a case-by-case basis."
3884916543,Senior Tax Manager,"Capital Staffing Solutions, Inc.",communication; develop strategy to solve problems; mergers and acquisitions; tax legislation,communication; develop strategy to solve problems; mergers and acquisitions; tax legislation,,"Senior Tax Manager About UsWe understand that tax management is more than just numbers on a balance sheet. It's about strategic thinking, global vision, and above all, understanding the complex interplay of regulations and business. We pride ourselves on being at the forefront of tax advisory services, offering innovative solutions to our clients worldwide.The RoleAs a Senior Tax Manager, you will play a pivotal role in guiding our clients through the maze of tax regulations, both domestically and internationally. You'll be at the heart of our tax advisory team, leveraging your Big 4 experience to deliver unparalleled advice and service. This role is perfect for someone who is not only a technical expert in tax but also a strategic thinker able to see the bigger picture.Key ResponsibilitiesLead and manage a diverse team of tax professionals, fostering an environment of continuous learning and development.Provide expert tax advice on a range of issues, including international tax, mergers and acquisitions, tax compliance, and strategy.Develop and maintain strong relationships with clients, understanding their business needs and providing tailored tax solutions.Stay abreast of changes in tax legislation and advise on the implications for clients.Work closely with other departments to ensure a holistic approach to client service.Drive the growth of the tax department through business development activities.RequirementsA minimum of 8 years of tax experience, with experience within a Big 4 firm.CPA or equivalent qualification is essential.Proven track record in managing and building client relationships.Strong leadership skills, with experience in managing and developing teams.Excellent communication skills, with the ability to explain complex tax concepts in simple terms.A deep understanding of international tax laws and regulations.Ability to work flexibly and manage multiple priorities in a fast-paced environment.What We OfferCompetitive salary and benefits package.Flexible working arrangements.Opportunities for professional development and career progression.A supportive and dynamic work environment."
3888818903,Technical Support Supervisor,IGT,betting; computer assisted language learning; customer service; english; manage time; morality; negotiate compromises; plan; sap data services; spanish,betting; computer assisted language learning; customer service; english; manage time; morality; negotiate compromises; plan; sap data services; spanish,,"IGT (NYSE:IGT) is a global leader in gaming. We deliver entertaining and responsible gaming experiences for players across all channels and regulated segments, from Lotteries and Gaming Machines to Sports Betting and Digital. Leveraging a wealth of compelling content, substantial investment in innovation, player insights, operational expertise, and leading-edge technology, our solutions deliver unrivaled gaming experiences that engage players and drive growth. We have a well-established local presence and relationships with governments and regulators in more than 100 countries around the world, and create value by adhering to the highest standards of service, integrity, and responsibility. IGT has approximately 10,500 employees. For more information, please visit www.igt.com .OverviewThis role is responsible for serving and supporting our Tier One Gaming Support team from the New Jersey campus. This is a robust fast-paced role that will reach across multiple organizations, internal and external customers as well as gaming regulatory bodies and compliance teams. This role will work very closely with the partner Team in the Atlantic City office and support all Wide Area Progressive and Casino system products across the United States, Canada and Australia.ResponsibilitiesPrimary functions include but are not limited to:Rotating on-call responsibilitiesTime keeping and schedule creationAbility to work unsupervised and escalate as neededTracking of Key Performance Metrics (Weekly, Monthly, Quarterly, etc)Monthly meetings with direct reports and maintaining Performance Management plansEffective problem solvingAssist with testing and maintenance of Tools and ApplicationsAid team members with other duties as neededCommunicates effectively and professionally with internal and external customersQualificationsHigh School diploma or equivalentMust be 21 years of age and must be able to obtain multiple gaming licensesFamiliarity with Microsoft Office Suite5 years Technical Operations/Support Experience What Will Put You AheadExperience with Service Desk, call center, or customer service positionsCompTIA N+ certification or higherExperience with SAP, Salesforce, Adobe, Doc U Sign and/or ACD systems preferred.Bi-lingual Spanish English Keys to SuccessBuilding collaborative relationshipsDecision makingDrive resultsFoster innovationPersonal energySelf-leadershipsiteIGT is committed to sustaining a workforce that reflects the diversity of the global customers and communities we serve, creating a fair and inclusive culture that enables all our employees to feel valued, respected and engaged. IGT is an equal opportunity employer. We provide equal opportunities without regard to sex, race, color, religion, age, national origin or ancestry, disability, veteran status, sexual orientation, genetic information, gender identity or expression, and any other personal attributes protected by federal, state, or other laws. We thank all applicants for applying; however, only those selected to interview will be contacted.At IGT, we consider a wide range of factors in determining compensation, including background, skills, experience, and work location. These factors can cause your compensation to vary. The estimated starting compensation range is $60,200 - $68,000. The actual pay offered may end up being higher or lower. The Company will comply with all local pay requirements and collective bargaining agreements, where applicable.Base pay is only one part of our Total Rewards program. Sales roles may be eligible for commission payments, while other roles are eligible for discretionary bonuses . In addition, we offer employees a 401(k) Savings Plan with Company contributions, health, dental, and vision insurance, life, accident, and disability insurance, tuition reimbursement, paid time off, wellness programs, and identity theft insurance. Note: programs are subject to eligibility requirements.IGT (NYSE: IGT) is the global leader in gaming. For more information, please visit www.igt.com ."
3901689943,Machinist,Framatome,communication; energy; nuclear energy; perform cleaning duties; plan,communication; energy; nuclear energy; perform cleaning duties; plan,,"What You’ve AccomplishedYou have completed a High School Diploma or its equivalent. You may have also obtained a two year machine technology certificate. You have at least 2 years of experience in the field or related area and are ready to join Framatome and help deliver clean, safe energy and advance nuclear technology. Who You AreYour actions, behaviors, and decisions are made in a manner consistent with our Core Values: https://www.framatome.com/en/jobseekers/our-values/You may have also acquired the following skills:Experience on CNC and Manual Machine Shop MachineryFeatureCam programming experienceFamiliar with standard concepts, practices, and procedures within a particular fieldDemonstrated ability to read & understand basic drawings, oral & written instructions, and set-up instructions.CNC program manuscripts as required.Demonstrated ability to properly plan, perform calculations, layout, and select efficient cutting parameters for conventional machining of components/tooling.Demonstrated ability to use/interpret advanced shop inspection tools and manually record/computer input associated data.Be familiar with the company’s safety and health policy and program.Action Oriented, Results Oriented, Attitude, Dependability, Initiative, Interpersonal Skills, Communication Skills, Job Knowledge, Productivity (Quantity of Work), Quality of Work, Teamwork, SafetyPhysical RequirementsRemain in a stationary position, walk, kneel and crouch. Operate computer on a continual basis and communicate with various levels of the organization.Occasionally lift and/or move up to 10 pounds Your OpportunityThis full-time role is about making an impact on people’s lives and the future of clean energy. You will leverage your skills and experience to be part of an innovative team and make a difference for our customers. As a Machinist in Lynchburg, VA, you will be part of the proven team in the Installed Base Business Unit. Your work will include:Performs all duties of this & lower machinist classification under general supervision and guidance. May operate CNCs per established methods/programs to consistently produce quality parts at productive rates.Produces moderately complex to highly complex conventional machined components/tooling to precision tolerances.Complies with all plant work rules, regulations and specific instructions, maintains required records, logs & documentation.May perform turning of I.D. and O.D. tapered threads. May develop cost estimates for machined and fabricated parts.May program CNC equipment and use of SMARTCAM or similar software.Properly handles hazardous materialsInterprets drawings/specifications to understand component dimensional requirements & production sequence.To play an active role in creating a safe and healthy workplace and comply with all applicable safety and health rules This position requires occasional travel. Together we will enable clean, safe, and economical low-carbon energy to meet the global ambition for a better tomorrow. Who We AreFramatome is an international leader in nuclear energy recognized for its innovative solutions and value-added technologies for the global nuclear fleet. More than 2,000 dedicated U.S. Framatome employees work every day to supply ever cleaner, safer, and more economical low-carbon energy for our communities and world. As well as supporting new nuclear builds, advancing new technology and advancing nuclear energy in the U.S. and abroad. Like you, we want a brighter future. See how the Installed Base Business Unit contributes to this future: https://www.framatome.com/en/expertise/services-and-maintenance/ Discover Lynchburg, Virginia: https://www.opportunitylynchburg.com/ Your Total Rewards PackageThe range of base salary for the position is between $27.00 - $34.62 per hour, and may also include annual incentives, performance bonuses and benefits. Please note that the base salary range is a guideline, and individual total compensation will vary based on factors such as qualifications, skill level, competencies and work location. Framatome offers a broad employee benefits portfolio as a key component of your total rewards. This includes:Multiple medical plans; dental and vision plans; Life and Accidental Death and Dismemberment; long- and short-term disability; optional plans including dependent life, accident, critical illness and hospital indemnity insurance; retirement savings plans (401k) with employer match; paid time off including up to 3 weeks of vacation, 8 days of sick leave, and 13 paid holidays; education reimbursement; adoption assistance; employee assistance programs; opportunities for professional development. Positions within Framatome may require access to proprietary information that is subject to U.S. export control regulations. As such, the Company must ensure that any hires for these job openings fully comply with all US regulations. Foreign national applicants that are citizens or residents of countries not included on the Department of Energy’s Generally Authorized Destinations list may not be eligible for immediate need positions. See list here: https://www.ecfr.gov/current/title-10/chapter-III/part-810/appendix-Appendix%20A%20to%20Part%20810 Framatome is an Equal Opportunity/Affirmative Action employer. All qualified applicants will receive consideration for employment without regard to race, color, religion, sex, national origin, sexual orientation, gender identity, disability or protected veteran status."
3903844325,Physical Therapist - SNF,National Staffing Solutions,give massages; manage time; morality; physiotherapy; resuscitation,give massages; manage time; morality; physiotherapy; resuscitation,,"At National Staffing Solutions, we have the privilege and honor of working with dedicated healthcare professionals that make a positive impact in aiding those needing healthcare services across the U.S. every day. It is our passion, drive and integrity that enables us to continue our focus in assisting remarkable healthcare professionals like yourself in solidifying the best career opportunities available to you. We’re currently seeking a Physical Therapist - SNF to join our amazing team. Details Of The Physical Therapist Opening Anticipated start date: 04/22/2024Salary: $1855.51 - $2142.89 weeklyAnticipated duration of assignment: 12 weeksAnticipated schedule: 5x8 DaysEnjoy peace of mind knowing you can elect Day One Medical Benefits Daily Range Of Responsibilities Of The Physical Therapist Evaluating patients’ condition(s), developing individual treatment plans, and assisting your patients in getting better day by day.Instructing patients how to properly use exercise techniques, providing stimulation or massage and maintaining the patients’ records. Qualifications For The Physical Therapist Masters of Physical Therapy from an accredited school.Physical Therapist license / Licensure in the state of practice.Current CPR certification. Submit your resume to us today for consideration of the Physical Therapist opening and one of our dedicated recruiters will be in touch within 24 business hours. We are an equal opportunity employer and value diversity at our company. We do not discriminate on the basis of race, religion, color, national origin, gender, sexual orientation, age, marital status, veteran status, or disability status."
3901629904,Preventive Maintenance Lube Technician,Moss & Associates (Construction),drive vehicles; electrical machines; energy; manufacturing plant equipment; mechanical systems; solar energy; think creatively,drive vehicles; electrical machines; energy; manufacturing plant equipment; mechanical systems; solar energy; think creatively,,"Company Overview Moss is a national privately held construction firm providing innovative solutions resulting in award-winning projects. With regional offices across the United States, Moss focuses on construction management, solar EPC, and design-build. The company’s diverse portfolio encompasses a wide range of sectors, including luxury high-rise residential, landmark mixed-use developments, hospitality, K-12 and higher education, justice, solar energy and battery storage, and sports. Moss is ranked by Engineering News-Record as the nation’s top solar contractor and one of the top 50 general contractors. Moss prides itself on a strong entrepreneurial culture that honors safety, quality, client engagement, and employee development. Its employees consistently rank Moss as one of the best places to work. POSITION SCOPE AND ORGANIZATIONAL IMPACT Moss' Preventive Maintenance Lube Technician is responsible for providing quality preventive maintenance services, including inspection of motors in operation, road testing motor vehicles, and testing hydraulic systems and components. The desired candidate will also be able to inspect all equipment for defects or potential defects during his/her PM Service. The candidate will also be willing and able to complete minor PM follow up repairs after completing the PM Service/inspection. This position is a road warrior position and requires extensive travel requirements. Essential Job Duties And Responsibilities Changing oil and filters Lube chassis Complete PM inspection sheet Inspecting and replacing bulbs, belts, and hoses Assessing, adjusting, drive tracks Battery service, brake work, proper tire inflation Communicate with Equipment Manager when additional repairs are needed or when repairs cannot be completed in the scheduled time period Inspect and test-drive vehicles to ensure that all features function properly Perform other duties as assigned Education And Work Experience Driver’s license required CDL class B license required Minimum 3-5 years’ experience as a construction or diesel technician/mechanic Must have basic hand tools JOB TITLE: PREVENTIVE MAINTENANCE LUBE TECHNICIAN JOB LOCATION: FORT LAUDERDALE, FL – MULTI-STATE REQUIRES HIGH TRAVEL CLASSIFICATION: FULL TIME – EXEMPT – SALARIED REPORTS TO: EQUIPMENT MANAGER Moss is an equal opportunity employer. We celebrate diversity and are committed to creating an inclusive environment for all employees."
3885106084,Maintenance Technician II,CRMG,carpentry; genetics; handle chemicals; history; manage time; perform cleaning duties; place drywall; show commitment,carpentry; genetics; handle chemicals; history; manage time; perform cleaning duties; place drywall; show commitment,,"Description: Commercial and Residential Management Group is looking for a Maintenance Technician II who can perform the daily upkeep and cleanliness of the buildings, landscaping, amenities, parking lot, and trash areas for the 132-unit apartment community of Witham Village. The Maintenance Technician II will be required to perform essential maintenance duties including repairs, electrical, plumbing, carpentry, painting, plumbing, and janitorial tasks under the guidance of experienced maintenance technicians. The Maintenance Technician II must have an amazing attention to detail, time management skills, and be comfortable managing work orders using technology. If you have maintenance experience, enjoy working individually or on a team, and possess the desire to continuously learn, we would love to talk to you. We would love to see what you might contribute to the Maintenance Technician role! Location: Witham Village Apartments (Corvallis, OR) Hourly Rate: $23-$25/hr. Schedule: FT, Monday - Friday, 8 am - 5 pm Weekly Contracted Hours: 40 hrs. Additional Compensation: A monthly $50.00 cell phone stipend. What we'll do for you as the Maintenance Technician II (Employee Benefits): The Maintenance Technician II is eligible for benefits first of the month following 30 days of employment.Make sure you're covered – Medical, Dental, Vision Insurance, Employer-paid Life Insurance, Employee Paid Voluntary Insurance options, and a Flexible Spending Medical/Dependent Care Savings Account.Give you the tools to stay on track for the future – The opportunity to enroll in the 401(k) program with an employer match (Eligible first of the month after 90 days of employment).Assistance with work/life balance – Employee Assistance Program (Available to use on your first day!)Give you a break – Paid Sick time, Vacation, Nine (9) paid Holidays, and your birthday off!Reward you – The opportunity to live onsite with a 20% discount on rent. Water, sewer, gas, and internet are paid for by the property. *A Skills Assessment test will be conducted prior to extending an offer. A pre-employment background check is required on all final candidates*Requirements: What you will bring as the Maintenance Technician IIOne (1) year in the Maintenance Technician I position or Two (2) years of previous maintenance technician experience, preferably in property management for commercial or multi-family properties.Janitorial experience is preferred.Motivation, time management, and the ability to follow instructions working alone or as part of a team.Intermediate knowledge of landscaping, electrical, plumbing, carpentry, appliance repair, painting, drywall installation and repairs, and installation and repair of flooring (required).Experience operating a pressure washer.Ability to lift up to 75 pounds.Knowledge and experience using a vacuum cleaner and other janitorial equipment, both manual and power, and handling chemicals with close attention to safety rules.Available for after-hours emergencies.Reliable transportation capable of transporting necessary tools, including power washing equipment.Possess current and valid driver's license, proof of insurance and clean driving record in order to run work-related errands when needed.Ability to read, write and understand written and verbal communications and directions.Understand and administer landlord/tenant laws, State and Federal Labor Laws, Fair Housing Laws, and refrain from all illegal discrimination practices. About Us Income Property Management recently acquired C&R Management Group, reshaping the long-standing history of both companies to Commercial and Residential Management Group (CRMG). This strategic alliance allows us substantially greater purchasing power with our vendors and suppliers. It also enables us to attract skilled, talented employees seeking a career with a successful and stable organization. We offer those associates a variety of opportunities for growth. Through training and experience, these employees grow with us over time, as many already have, to be excellent property management professionals – the lifeblood of any successful, professional property management organization. EEO Statement Commercial and Residential Management Group provides equal employment opportunities to all employees and applicants for employment and prohibits discrimination and harassment of any type without regard to race, color, religion, age, sex, national origin, disability status, genetics, protected veteran status, sexual orientation, gender identity or expression, or any other characteristic protected by federal, state, or local laws. This policy applies to all terms and conditions of employment, including recruiting, hiring, placement, promotion, termination, layoff, recall, transfer, leaves of absence, compensation, and training. This employer participates in E-Verify. For more information: E-Verify Participation / Right to Work PM21 PI239177617"
3905673959,(USA) Cake Decorator,Sam's Club,business processes; cold chain; communication; company policies; cooperate with colleagues; customer service; ethics; food safety standards; metrology; morality,business processes; cold chain; communication; company policies; cooperate with colleagues; customer service; ethics; food safety standards; metrology; morality,,"Position Summary... As a Cake Decorator you will drive member service in your area to deliver to our members more of what they love, for less. You will work collaboratively with other associates to ensure the total club meets the member's expectations. What you'll do... Be a Team Member: Collaborates with cross functional teams and helps educate other associates on tools, tasks, and resources; communicates and develops interpersonal skills for providing customer service; being flexible to the needs of the business; maintaining in-stock levels; and controlling shrinkage.Be an Expert: Plans the bakery productions; ensuring consistency in quality and accuracy of bakery decorative designs; following recipe measurement instructions; working with a variety of products (for example, decorating bags, tips, nozzles) to create decorative flowers and lettering on bakery items; ensuring adherence to food safety standards, sanitation guidelines, cold chain compliance, and inventory management; operating, maintaining, and sanitizing equipment; and demonstrating understanding of product and layout execution.Be a Techie: Leverages digital tools to drive sales, improve the shopping experience, and elevate associate engagement; utilizing hand held technology to make immediate business decisions related to production, merchandise ordering, training, and product quality with the member in mind; adapting to new tools and encouraging others to use them.Be an Owner: Drives the performance of the bakery area; ensuring quality and date control standards; eliminating waste; preparing for seasonal events that impact the bakery volume (for example, holidays, graduations, family events); identifying member needs; assisting members with purchasing decisions; and resolving member issues and concerns.Be a Talent Ambassador: Being a brand advocate by valuing the member's experience in Bakery and modeling high quality service and products; interacting with associates to understand the roadblocks and assisting in training; developing, influencing and inspiring them for working in a style that is respectful, supportive and team oriented.Complies with company policies, procedures, and standards of ethics and integrity by implementing related action plans; using the Open Door Policy; and applying these in executing business processes and practices.Completes work assignments and priorities by using policies, data, and resources; collaborating with managers, co-workers, customers, and other business partners; identifying priorities, deadlines, and expectations; carrying out tasks; communicating progress and information; determining and recommending ways to address improvement opportunities; and adapting to and learning from change, difficulties, and feedback. Minimum Qualifications... Outlined below are the required minimum qualifications for this position. If none are listed, there are no minimum qualifications. Minimum Qualifications6 Months' Experience In Fresh Production Area. Must be 18 years of age or older I acknowledge that the position for which I am applying requires me to successfully complete all job required trainings and assessments within a prescribed time period if I receive the position. Preferred Qualifications... Outlined below are the optional preferred qualifications for this position. If none are listed, there are no preferred qualifications. Cake Decorating Primary Location... 6760 WESTWORTH BLVD, WESTWORTH VILLAGE, TX 76114-4002, United States of America"
3906258116,Clinical Coordinator,DaVita Kidney Care,italian; manage time; metrology; renal diseases; resuscitation; statistics,italian; manage time; metrology; renal diseases; resuscitation; statistics,,"196 West north Ave, Villa Park, Illinois, 60181-1226, United States of America INTERNAL CANDIDATE DaVita is seeking a Clinical Coordinator who is looking to give life in an outpatient dialysis center. You can make an exceptional difference in the lives of our patients and their families dealing with end-stage renal failure or chronic kidney disease. Do you desire to deliver care in an empathetic, compassionate way - the way you'd want your own care to be? If you haven't considered Nephrology before, read on as we think that you should. DaVita – which is Italian for ""giving life"" – is working to provide quality service to patients, partners, and teammates. Our mission is to be the Provider, Partner, and Employer of Choice. Some details about this position: At least 6 months dialysis experience is required.Coordinate ESRD patient care and services (trend lab values, track metrics on vital signs, weight, outcome management, etc.) Ensure you and your clinical team are delivering the highest level of care to our patients by ensuring their safety, comfort, and well-being.Training may take place in a facility or a training clinic other than your assigned home clinicPotential to float to various clinics during and after your trainingYou must have a flexible schedule and be able to work mornings, evenings, weekends, and holidays What you can expect: Build meaningful and long term relationships with patients and their family in an intimate outpatient setting.Be a part of a team that supports and relies on each other in a positive environment. Staff RNs are a central part of a small interdisciplinary team of clinicians.Deliver care to patients who are often dealing with multiple co-morbidities which require unique treatment plans and the ability to leverage a broad range of nursing skills and knowledge.Oversee a group of patients with the support of PCTs to conduct patient observations, measuring stats and machine set up.You will work with your head, heart and hands each day in a fast paced environment. What we'll provide: DaVita Rewards package connects teammates to what matters most including: Comprehensive benefits: Medical, dental, vision, 401(k) match, paid time off, PTO cash outSupport for you and your family: family resources, EAP counseling sessions, access Headspace®, backup child and elder care, maternity/paternity leave, pet insurance, and morePaid training Requirements: Current Registered Nurse (RN) license in the state of practiceCurrent CPR certification requiredAt least 18 months of registered nursing experienceDialysis Charge RN readiness approval by Clinical Nurse Manager or RN-licensed FA/GFA requiredCertified Nephrology Nurse (CNN) or Certified Dialysis Nurse (CDN) preferredIntensive Care Unit (ICU), Critical Care Unit (CCU), Emergency Room (ER), or Medical Surgical (Med Surg) experience is preferredAssociates Degree in Nursing (A.D.N) from accredited school of nursing required; Bachelor of Science in Nursing (B.S.N) preferred; three-year diploma from accredited diploma program may be substituted for nursing degreeCurrent CPR certification requiredCompleted training approved by the medical director and the governing body as required by CMS guidelines prior to operating the water treatment systemSupervisory experience preferred; willingness, desire, and ability to supervise requiredBasic computer skills and proficiency in MS Word and Outlook required DaVita is a clinical leader! We have the highest percentage of facilities meeting or exceeding CMS's standards in the government's two key performance programs. We expect our nurses to commit to improving patient health through clinical goal setting and quality improvement initiatives. Ready to make a difference in the lives of patients? Take the first step and apply now. At DaVita, we strive to be a community first and a company second. We want all teammates to experience DaVita as ""a place where I belong."" Our goal is to embed Diversity & Belonging into everything we do in our Village, so that it becomes part of who we are. We are proud to be an equal opportunity workplace and an affirmative action employer. As such, individuals are recruited, hired, assigned and promoted without regard to race, national origin, religion, age, color, sex, sexual orientation, gender identity, disability, protected veteran status, or any other protected characteristic. Applications are accepted on an ongoing basis. Salary/ Wage Range Compensation for the role will depend on a number of factors, including a candidate’s qualifications, skills, competencies and experience and may fall outside of the range shown. DaVita offers a competitive total rewards package, which includes a 401k match, healthcare coverage and a broad range of other benefits. Learn more at https://careers.davita.com/benefits"
3889778254,OFFICE EXPANSION- ENTRY LEVEL PROFESSIONALS WANTED,"Millennium Recruiting, Inc.",communication; network marketing; prospect new customers; show entrepreneurial spirit,communication; network marketing; prospect new customers; show entrepreneurial spirit,,"Our immense growth this year is a culmination of our focus on our clients, our empowerment of our employees, and our commitment to our customers. Our services are not limited to any client size or type. We have actualized our founder’s vision that with a consultative client approach and personalized customer interactions, we can promote any type of product in any market. We have developed a comprehensive program geared towards career development that will give you the tools you need to evolve into a leader on our team. Training is paid and emphasizes intangible leadership skills while you master the entry level sales and marketing. PRIMARY DUTIES: Become an expert in the industries we represent through extensive product trainingDrive direct marketing efforts by prospecting new customers in your assigned territorySet aggressive individual and team goals to increase revenue for our clientsDistinguish and identify opportunities to promote and sell productsAdapt to changing environments and embrace obstacles REQUIREMENTS: 0 - 3 years of experience in sales and/or hospitalityOutstanding communication skills both written and verbalGoal oriented and eager to learnAbility to excel both independently and collaborativelyPositive attitude with professional demeanorStrong business acumen WE OFFER: In depth trainingNetworking opportunitiesBonuses and merit based rewardsTeam environmentTravel opportunities Candidates with the following experience are encouraged to apply today: General Labor, Construction, Home Improvement, Labor, Labor and Development Operations, Field Construction, Telecom Construction, Construction Management or Construction Experience"
3902834206,Customer Service Specialist,IsoTalent,acoustics; application process; customer service; history,acoustics; application process; customer service; history,,"Employee Benefits Account Manager Are you ready to make a meaningful impact in the insurance industry while enjoying competitive pay and incredible benefits? Look no further! Our client is seeking a proactive and personable full-time Employee Benefits Account Manager to join their team in Modesto, CA. With a salary range of $45,000 to $60,000 per year and a comprehensive benefits package, including a 401(k) with a 3% match (after 1 year of employment), 2 paid Fridays off per month, 18 paid holidays per year, PTO, 90% company-paid health insurance for employees (50% paid for dependents), and 100% company-paid vision, dental, and life insurance, this is an opportunity you won't want to miss! Dive into a fulfilling career where your skills and dedication are valued. Apply to be an Employee Benefits Account Manager today! OUR CLIENT: With a rich history spanning over 95 years, our client is a full-service insurance agency that is dedicated to fostering a supportive team environment and a close-knit culture. As they continue to expand, they seek talented individuals to join their team and help them achieve their goals. They offer abundant opportunities for career advancement and growth as well as amazing benefits like health, dental, paid time off, paid vacation, and more! Join and become part of a dynamic team where your talents are valued and nurtured! THE ROLE: Our client offers a hybrid work model, allowing for flexible in-office presence based on the company's policy, which includes 2 paid Fridays off per month. As an Employee Benefits Account Manager, you start your day by enrolling new members and ensuring their journey is seamless. As the day unfolds, you handle claims with precision, working closely with members to resolve any issues promptly. Collaboration is key as you add or delete employees based on client requirements, ensuring their satisfaction at every step. Your role is crucial in supporting the sales team as you contribute to the marketing, quoting, and renewal processes. With a hybrid work model offering flexibility, your day may vary between in-office and remote tasks, allowing for a balanced lifestyle. If this sounds like a good fit for you, and you meet the following requirements, apply today! WHAT YOU NEED TO BE SUCCESSFUL: 1+ years of experience in insurance sales or customer service, preferably in property and casualty insuranceProficiency in Microsoft Office Suite and other relevant software applicationsA proactive and forward-thinking personality with excellent time management skillsA proven track record of meeting and exceeding sales targetsStrong client-facing skills and the ability to work effectively with sales teams and clients Ready to take the next step? Don't wait any longer! Our client's initial application process is quick and easy, taking just 3 minutes on your mobile device. Join a team that values your skills and offers a supportive work environment. Apply now to be an Employee Benefits Account Manager and start your journey with them!"
3889420811,Product Development Specialist,The Reynolds and Reynolds Company,assume responsibility; communication; project management,assume responsibility; communication; project management,,"As a Product Development Specialist, you will be part of a team working with internal and external resources to create, manage and revise industry-leading forms used in the motor vehicle and power sports dealer finance markets. You will be responsible for simultaneously managing multiple form projects, focusing on analysis, development, process, and communication to other teams. In this role, it is essential that you are able to summarize and communicate technical information effectively and drive positive project results across the Document Services department. Requirements: Bachelor's degree, paralegal degree, or equivalent experience required Previous project management experience required Strong organizational and time management skills Strong writing and overall communication skills Experience in a financial institution with lending documentations or dealership F&I experience is a plus Benefits: Our associates receive medical, dental, vision, and life insurance. We also offer company contributions to your HSA, 6% match on 401(k), and a work/life balance with paid time off. At our Dayton office, you can take advantage of our great training programs and facility amenities, including onsite dining, onsite medical center, and our fitness center. We also offer a wide variety of sports and social leagues to participate in after work, along with volunteering initiatives through our Associate Foundation. Reynolds and Reynolds promotes a healthy lifestyle by providing a non-smoking environment. Reynolds and Reynolds is an equal opportunity employer."
3902747950,Part Time Firearms Sales Outfitter,Cabela's,application process; assist customers; company policies; customer service; move objects; perform cleaning duties; pregnancy; product comprehension; provide information,application process; assist customers; company policies; customer service; move objects; perform cleaning duties; pregnancy; product comprehension; provide information,,"POSITION SUMMARY: The Sales Outfitter - Firearms is responsible for maintaining Counter Sales and Customer Service for Firearms along with Floor and Counter Sales of other Hunting Merchandise. They perform various selling/customer service activities, to include greeting and acknowledging all customers in a prompt and friendly manner, handling merchandise with care, providing information, assistance and direction to customers. ESSENTIAL FUNCTIONS: Supports a strong commitment to world class customer service and ensures a pleasant and productive shopping experience for all customers. Provides a legendary experience for every customer, every time by assisting customers in making buying decisions by:Identifying and evaluating customers’ needs,Making product recommendations based off of this analysis,Promoting programs including, but not limited to CLUB membership, VOC and IN Store Pick up. Insures 4473 Forms are completed thoroughly and accurately.Obtains the ability to demonstrate product to customers.Organizes and maintains Merchandise within the retail Store for Sales at Gun Counter Responsibility.Replenishes product on shelves as required per merchandising guidelines.Remains product “expert” through ongoing product knowledge training.Remains knowledgeable of advertised sales; maintains pricing and signing.Assists with Seasonal Floor merchandise moves.Keeps work area clean, neat and well stocked with supplies.Follows all company policies and procedures.ALL OTHER DUTIES AS ASSIGNED EXPERIENCE/QUALIFICATIONS: Minimum Degree Required: High School Diploma or equivalentExperience: 0-2 years of experience in RetailMust be 21 years of age or older KNOWLEDGE, SKILLS, AND ABILITY: Knowledge and Experience Product knowledge of Firearms and AmmunitionKnowledge in ATF Federal and State RegulationsCustomer Service and Sales of Firearms and AmmunitionGCAAbility to Merchandise and Stock Merchandise TRAVEL REQUIREMENTS: N/A PHYSICAL REQUIREMENTS: Constantly stand and/or walk during shiftOccasionally ascend or descend ladders, stairs, ramps, etc.Constantly communicate with others to exchange informationOccasionally repeat motions that may include the wrists, hands and/or fingersOccasionally operate machinery and/or power toolsOccasionally operate motor vehicles or heavy equipmentLight work that includes moving objects up to 20 pounds constantly, may occasionally move and lift objects up to 100 pounds or more (utilizing a team lift as needed)Occasionally work in tight and confined spacesOccasionally work in noisy environments INDEPENDENT JUDGEMENT: Performs tasks and duties under general supervision, using established procedures and innovation. Chooses from limited alternatives to resolve problems. Occasional independent judgment is required to complete work assignments. Often makes recommendations to work procedures, policies, and practices. Part Time Benefits Summary: Enjoy discounts on retail merchandise, our restaurants, world-class resorts and conservation attractions! DentalVisionVoluntary benefits401k Retirement SavingsPaid holidaysPaid vacationBass Pro Cares FundAnd more! Bass Pro Shops is an equal opportunity employer. Hiring decisions are administered without regard to race, color, creed, religion, sex, pregnancy, sexual orientation, gender identity, age, national origin, ancestry, citizenship status, disability, veteran status, genetic information, or any other basis protected by applicable federal, state or local law. Reasonable Accommodations Qualified individuals with known disabilities may be entitled to reasonable accommodation under the Americans with Disabilities Act and certain state or local laws. If you need a reasonable accommodation for any part of the application process, please visit your nearest location or contact us at hrcompliance@basspro.com. Cabela's"
3902739506,Outside Sales Representative,Guidant Measurement,business intelligence; cooperate with colleagues; customer service; marketing management; metrology; pricing strategies; quality standards; sales activities; think creatively,business intelligence; cooperate with colleagues; customer service; marketing management; metrology; pricing strategies; quality standards; sales activities; think creatively,,"This role will actively promote and sell to a direct customer base Measurement Solutions products, parts, and service as well as any and all distributed products in the assigned territory. To understand, develop and maintain customer relationships as they relate to the products and services provided out of the operation. Performance objectives are established to increase revenues in the territory while maintaining quality standards, productivity, and profitability through performance goals of the department set by the Company. This position is directly accountable to the area Commercial Manager but will act on its own authority as needed with minimal supervision required for daily sales activities. Failure to perform will have a negative impact on operation goals, loss of repeat sales and/or a negative effect on the Company’s image and credibility. ResponsibilitiesPromote the company via direct sales efforts to the customer base with the objective of increasing market share for both new product sales and for service of installed equipment. Capable of calling on all levels of decision makers within customer organizations including engineering, operations, procurement and field technicians.Develop and implement short term and long range direct and target account plans with the objective being to identify, develop and maintain key customer relationships to expand market share and presence and to meet / exceed quota assignments in the territory.Identify and recommend specific sales activities and strategies which will enhance the strength and presence of direct sales and service operation within the territory.Promote all aspects of the direct operation’s capabilities including new product sales and other distributed products, service and aftermarket, technical support, engineering and design and fabrication capabilities as they are introduced to the market.Arrange, conduct and participate in customer training and other events as needed or requested to further develop the territory. Work cooperatively with product management, engineering, field service, manufacturing and other departments to communicate and enhance business intelligence regarding product enhancements, pricing strategies, promotional plans, etc.Coordinate appropriate technical interface between customers and all departments and management levels of the company.Support the Quality improvement process. Qualifications Bachelor’s Degree in Business/Marketing Administration/Engineering and 3 years minimum sales experience or 5-7 years’ experience in Sales, Marketing, Customer Service, Field Service, or Engineering. Must possess excellent written, verbal and presentation skills. Must have a valid driver’s license. Must be willing to travel extensively. Proven Sales skills.Personal computers skills, such as Microsoft Outlook, Word and Excel. Daily travel is required."
3889125200,Assistant Store Manager,Goodwill of Central and Northern Arizona,application process; apply change management; communication; customer service; economics; electronic communication; english; financial management; perform cleaning duties; plan; report facts; understand written english,application process; apply change management; communication; customer service; economics; electronic communication; english; financial management; perform cleaning duties; plan; report facts; understand written english,,"930 N Alma School Rd Chandler Arizona, 85224, +1 (480) 3987654 Offered Pay: $45,000/yr., Position Description: Leads the daily operations of the sales floor at a Retail Store location for Goodwill of Central and Northern Arizona (GCNA) and its affiliated entities to help fund the Goodwill mission of ending unemployment. Assists with leading production room as appropriate. Key responsibilities include people leadership, store operations, customer service, financial management, inventory control, donation processing, and training and development of store Team Members. Essential Duties and Responsibilities: Develops and executes retail operations plan to achieve daily, monthly, quarterly, and yearly goals for operating income, revenue, and production.Monitors product levels (floor work, as-is, recycle, trash, seasonal back stock) daily to achieve bottom line sales budget against targets.Ensures payroll costs and operating costs are managed to budget.Ensures Team Members deliver excellent customer service to donors and customers.Works to de-escalate customer situations while finding an appropriate solution.Ensures store locations are clean, well-kept, and reflect the Goodwill brand appropriately.Partners with community businesses and organizations to promote Goodwill mission.Serves as a Goodwill ambassador to the community.Leads the day-to-day operations of the sales floor.Ensures that Retail Store Associates and Customer Service Manager are well-trained and fulfill their duties and responsibilities.Acts as a key holder for the store, closing shift manager, and backup to the Store Manager.Processes complex sales transactions, including customer returns.Ensures that Team Members are operating per company standards and procedures.Will need to travel to other GCNA locations in order to assist other stores and to attend personal training and development classes.Transfers to different stores at any given moment due to business needs.Partners with support areas (Asset Protection, Human Resources, Safety, Finance, etc.) to further business goals and ensure compliance with applicable policies, procedures, and regulations.Builds a high-performing team.Responsible for performance management (coaching, discipline, performance improvement plans, and annual reviews), staffing, compensation, and development of Team Members.Plays critical role in driving company culture change efforts and change management processes.Models Goodwill Core Values – Trust, Collaboration, Engagement, Ownership, and Innovation.Performs other related duties, as assigned. Minimum Qualifications (Education, Experience, Skills): High School Diploma, GED, or equivalent work experienceOne-year work experience in Retail Management requiredOne-year customer service experience requiredProficient in Microsoft Office SuiteAbility to pass a background check and drug screen, where applicable for positionAbility to speak and read English proficiently You will be eligible for a comprehensive Total Rewards package, 1st of the month following 60 days of employment that includes the following: 5 Medical PlansEmployer Funded Health Reimbursement Account (HRA)3 Dental PlansVision Plan401K (Immediate participation upon hire)Employer Paid Life InsuranceEmployee Assistance Program (EAP)Paid Time Off; Sick and VacationPaid HolidaysThese are just a few highlights of our key benefit offerings! Become a valuable part of our team and work for a company which has been named a Best Place to work by the Phoenix Business Journal 4 out of the last 5 years. Work for a company which has seen double digit growth year after year for nearly a decade. Work for a company which values diversity and is centered on success. Goodwill of Central & Northern Arizona - We Put People to Work! Goodwill of Central and Northern Arizona endeavors to make our website accessible to any and all users. If you would like to contact us regarding the accessibility of our website or need assistance completing the application process, please contact HR Support at 602-535-4000, option 5, or RecruitingOperations@goodwillaz.org. We consider applicants for all positions without regard to race, color, religion, sex, sexual orientation, national origin, age, marital or veteran status, the presence of a non-job related medical condition or disability, or any other legally protected status. We will make reasonable accommodation and modification, including adaptive devices, to assist any person with a disability to apply for and, if hired, to perform the duties the position they seek. Assistance could include help in completing on-line application as well as providing alternative communication, e.g., Braille and Large Print. PHISHING SCAM WARNING: Goodwill of Central and Northern Arizona/Goodwill Industries of Monocacy Valley, Inc. (“GCNA/GIMV”) are among several companies recently made aware of a phishing scam involving con artists posing as hiring managers recruiting via email, text and social media. The imposters are creating misleading email accounts, conducting remote “interviews,” and making artificial job offers in order to collect personal and financial information from unsuspecting individuals. Please note that GCNA/GIMV only use company email addresses, which contain “@goodwillaz.org” or @gimv.org”, to communicate with candidates via email. The company also uses secure tools on our website to receive data from applicants and would never ask them to submit their personal banking information to apply for an open job. If you are contacted by someone about an open job at GCNA/GIMV, please verify the domain of the sender’s email address and that they are asking you to apply on this website. If you believe you have been a victim of a phishing scam, please visit the Department of Homeland Security’s Cyber Smart website (https://www.cisa.gov/be-cyber-smart/campaign) to learn how to report it."
3905302153,"Occupational Therapist - Northeast Philadelphia, PA",FOX Rehabilitation,crafting; have computer literacy; manage time; morality; physiotherapy; present evidence; rehabilitation; resuscitation,crafting; have computer literacy; manage time; morality; physiotherapy; present evidence; rehabilitation; resuscitation,,"Our team is growing, and we’re looking for top caliber Occupational Therapists to join us in Northeast Philadelphia and surrounding locations. We’re FOX Rehabilitation, a multi-state, professional private practice of independent Occupational Therapists who visit patients and provide evidence-based geriatric care. We’re committed to supporting a diverse, inclusive, and equitable culture where everyone is welcomed and given access to our many professional growth opportunities. If you want an autonomous career and to help older adults become stronger and live better longer on your own schedule, then you’d make a great addition to our team. At FOX we have a variety of Occupational Therapist positions ranging from full-time or part-time, that are salaried with benefits, to our FOX Flex (PRN) positions where you will be paid per visit. Whether you’re looking for additional income or ready to take the next step in building your career, FOX has opportunities to fit your personal goals. Who We’re Looking For You’re positive, compassionate, respectful, and hard-working with the desire to proactively develop your craft to achieve clinical excellence. You’re reliable, accountable, and respond to every challenge with solutions, rather than excuses. You thrive in an autonomous setting and meet expectations for scheduling and caseload management. You seize every opportunity to feed the “fire in your belly” with our unlimited continuing education credits. Are you a newly graduated Occupational Therapist? FOX helps you grow your skills through our widely-recognized Emerging Professionals Mentor Program, designed to support you in a structured and proven approach. Let’s work together! What You’ll Do Provide Geriatric House Calls™ to older adultsDeliver proactive and evidence-based therapy to older adults What You’ll Get Flexible schedule created by youProfessional growth opportunitiesMedical, Dental, Vision, 401k (for those who qualify) Overtime optionsEducational programs What You’ll Need Valid Occupational Therapy license in the state(s) of practice, or eligibility to apply Degree from an accredited physical therapy program Basic computer literacy skills Current CPR certification Integrity, compassion, and enthusiasm Contact FOX Now! Kelly Klosner, DPT Clinical Career Specialist Kelly.Klosner@Foxrehab.org 609 9607023 You can also text FOX to 609-853-5114 to learn more! Fox Rehabilitation is an equal opportunity employer. We celebrate diversity and are committed to creating an inclusive environment for all employees. JR9088"
3900077704,"Financial Advisor - Fresno, CA",Corebridge Financial,electronic communication; financial forecasting; manage time; plan,electronic communication; financial forecasting; manage time; plan,,"Financial Advisor Fresno, CA Who We Are Corebridge Financial helps people make some of the most meaningful decisions they’re ever going to make. We help them plan and take action to protect the future they envision and respond to some of life’s most difficult moments through the solutions and services we provide. We do this through our broad portfolio of life insurance, retirement and institutional products, offered through an extensive, multichannel distribution network. We provide solutions for a brighter future through our client centered service, breadth of product expertise, deep distribution relationships, and outstanding team of hardworking and passionate employees. We’re Passionate About Excellence. Corebridge Financial is an industry-leading provider of financial planning tools for community members who work in healthcare, higher education, K-12, government, and other not-for-profit institutions. We love what do, and we believe you will too. We provide the book of business. You build the possibilities. Are you hardworking and self-motivated? Do you seek to improve the lives of others in your community? Join AIG Retirement Services. We are searching for a Financial Advisor to provide a personalized retirement and financial planning experience for our customers and their families. If you want the flexibility to create your own schedule and build your career on your terms, join our team. What You’ll Do As a Financial Advisor Meet with existing and prospective clients to plan their financial future.Utilize our company-provided technology and tools to improve your operation.Marketing support in the form of mailings, email blasts, and customized marketing materials to expand your business and reach new customers.Collaborate with co-workers and your District Vice President to learn new skills and standard methodologies. To help you get started, we offer the resources needed to build your own success: Competitive benefits package with immediate access to medical, dental, vision, life insurance and 401(k) plan with matchCompany-provided technology, including equipment, helpdesk assistance, client management and financial planning toolsCompany-paid E&O, licensing fees, continuing education and compliance support What We Are Looking For We love hardworking people but more than that, we seek out detailed and self-motivated co-workers who want to build a career and improve the lives of our clients. High school diploma or GED, Bachelor's degree preferredTwo plus years of experience working as a Financial AdvisorA successful sales track recordFINRA Series 6 or 7 licenses and a Series 63 and 65 or 66Active state life, health & variable license #SAFG We are an Equal Opportunity Employer Corebridge Financial, Inc., its subsidiaries and affiliates are committed to be an Equal Opportunity Employer and its policies and procedures reflect this commitment. We provide equal opportunity to all qualified individuals regardless of race, color, religion, age, gender, gender expression, national origin, veteran status, disability or any other legally protected categories such as sexual orientation. At Corebridge Financial, we believe that diversity and inclusion are critical to our future and our mission – creating a foundation for a creative workplace that leads to innovation, growth, and profitability. Through a wide variety of programs and initiatives, we invest in each employee, seeking to ensure that our people are not only respected as individuals, but also truly valued for their unique perspectives. To learn more please visit: www.corebridgefinancial.com Corebridge Financial is committed to working with and providing reasonable accommodations to job applicants and employees with physical or mental disabilities. If you believe you need a reasonable accommodation in order to search for a job opening or to complete any part of the application or hiring process, please send an email to TalentandInclusion@corebridgefinancial.com. Reasonable accommodations will be determined on a case-by-case basis. We consider qualified applicants with criminal histories, consistent with applicable law. Functional Area SC - Sales Commission Estimated Travel Percentage (%): Up to 25% Relocation Provided: No The Variable Annuity Life Insurance Company"
3884926568,Sr Compliance Engineer,Trellix,cyber security; implement ict recovery system; lead others; morality; organise information; pregnancy; risk management,cyber security; implement ict recovery system; lead others; morality; organise information; pregnancy; risk management,,"Job Title: Sr Compliance Engineer Role Overview: na Responsible for the development and/or enforcement of corporate and business group information security policies to protect Trellix information assets and intellectual property. May participate in the planning, direction or coordination of enterprise, security architecture and control states protecting Trellix information assets and intellectual property. Lead or contribute to security controls risk assessments and industry framework certifications which determine threats, consequences, and vulnerabilities to business unit key assets, products, and services. Participate in the planning and direction of security risk assessments to examine and verify security capabilities, behaviors, and controls for authentication, authorization, integrity, availability, assurance, audit, and disposal of Trellix information assets to determine exposure and compliance levels (GRC). Curate and manage the enterprise risk register and its life cycle. Develop and lead corporate level information security awareness and training programs and reporting. Determine sources of requirements and standards for compliance. May monitor, assess, or execute security controls and tools on one or more of Trellix computing and communications environments and/or enterprise applications to ensure business acceptable exposure levels. Recommends and drives security control enhancements to meet current and future needs. Create designs/technical specifications that align business needs with technical solutions while considering emerging security technologies. May be engaged in other information security or risk management projects including Supplier Risk management, Disaster Recovery (DR), Business Continuity management (BCP), Crisis Management (CM), Product security, Software Development Life Cycle, Vulnerability Management, Penetration testing and reporting and/or the US Federal cloud platform security controls certifications and operations. Requires thorough knowledge of security practices, procedures, and capabilities to perform analytical work. Skills and experience required includes a BS in CS, CE, and/or IT. Thorough understanding of the Information Security Common Bodies of Knowledge; CISSP, CISM, CRISC, CISA or equivalent security certification required. Company Benefits and Perks: We work hard to embrace diversity and inclusion and encourage everyone to bring their authentic selves to work every day. We offer a variety of social programs, flexible work hours and family-friendly benefits to all of our employees. Retirement PlansMedical, Dental and Vision CoveragePaid Time OffPaid Parental LeaveSupport for Community Involvement We're serious about our commitment to diversity which is why we prohibit discrimination based on race, color, religion, gender, national origin, age, disability, veteran status, marital status, pregnancy, gender expression or identity, sexual orientation or any other legally protected status."
3895213845,Senior Account Executive - CPS,Konica Minolta Business Solutions Canada,assist customers; customer service; energy; environmental engineering; knowledge management; pregnancy; seek innovation in current practices; think creatively,assist customers; customer service; energy; environmental engineering; knowledge management; pregnancy; seek innovation in current practices; think creatively,,"Overview Konica Minolta currently has an exciting opportunity for you to join us as a Senior Account Executive - Commercial Print Specialist! Responsibilities You will seek out new customers and partner with existing ones by offering a variety of solutions to improve their business and take exceptional care of your clients.You will conduct outbound calling every day to set face-to-face appointments, ensuring outstanding customer service though regular follow-ups, reporting regularly to a branch office.You will establish and strengthen relationships with decision makers for current and potential clients.You will learn and demonstrate the benefits of all Konica Minolta products, services and solutions for clients.You will design and present solutions that will help customers’ businesses.You will consistently close sales and achieve monthly activity and revenue goals. Qualifications Knowledge in the Commercial Print field is preferred.Must have at least four (4) years of business-to-business outside sales experience, selling to clients in the Commercial Print industry OR in the digital imaging solutions or other technology industry.College degree preferred but not required.A valid driver’s license and reliable transportation is required!You are able to thrive in a dynamic environment; you are driven to succeed and willing to strive to be the best.You bring a high level of energy and are committed to achieve your sales goals.You are tenacious and have a desire to develop and secure new business accounts.You’re passionate about growing your industry knowledge as you build your career.You are personable and enjoy networking at all levels to build business relationships. About Us Konica Minolta’s journey started 150 years ago, with a vision to see and do things differently. We innovate for the good of society and the world. The same purpose that kept us moving then, keeps us moving now. Konica Minolta Business Solutions U.S.A., Inc. is reshaping and revolutionizing the workplace to achieve true connectivity through the Intelligent Connected Workplace. The company guides and supports its clients’ digital transformation through its expansive office technology portfolio, including IT Services (All Covered), intelligent information management, managed print services and industrial and commercial print solutions. Konica Minolta has been included on CRN’s MSP 500 list nine times and The World Technology Awards named the company a finalist in the IT Software category. Konica Minolta has been recognized as the #1 Brand for Customer Loyalty in the MFP Office Copier Market by Brand Keys for sixteen consecutive years, and is proud to be ranked on the Forbes 2021 America’s Best-in-State employers list. The company received Keypoint Intelligence’s BLI 2021 A3 Line of The Year Award and BLI 2021-2023 Most Color Consistent A3 Brand Award for its bizhub i-Series. Konica Minolta, Inc. has been named to the Dow Jones Sustainability World Index for nine consecutive years and has spent six years on the Global 100 Most Sustainable Corporations in the World list. Konica Minolta partners with its clients to give shape to ideas and works to bring value to our society. For more information, please visit us online and follow Konica Minolta on Facebook, YouTube, LinkedIn and Twitter. EOE Statement Konica Minolta is an equal opportunity and affirmative action employer. We consider all qualified applicants for employment without regard to race, color, religion, creed, national origin, sex, pregnancy, age, sexual orientation, transgender status, gender identity, disability, alienage or citizenship status, marital status or partnership status, genetic information, veteran status or any other characteristic protected under applicable law."
3887493703,Dental Hygienist,Dental Care Alliance,communication; customer service; history; manage time; seek innovation in current practices,communication; customer service; history; manage time; seek innovation in current practices,,"Overview We are looking for a Dental Hygienist in our Family Dental Group- Fishkill office to join our clinical team by providing a high level of patient care and satisfaction while operating in a team-based environment. This person will handle a variety of clinical duties for dental office operations including cleaning teeth and examining oral areas, head, and neck for signs of oral disease. They also may educate patients on oral hygiene, take and develop x rays, or apply fluoride or sealants. All aspects of the job require an exceptional level of customer service and communication skills. Office Address- 738 Route 9 Fishkill, New York 12524 United States Pay- $48-$50/hour Schedule: Part-Time Monday and Wednesday 9A-5P and Friday 8A-4P. We have been working diligently to ensure all our patients and staff feel safe and protected while in our office. We have all the proper PPE for the staff and are CDC COVID-19 compliant. #JEF Responsibilities Essential Responsibilities As a Dental Hygienist, you will play a vital role in improving the oral health of our patients through the delivery of periodontal therapies and other hygiene-related services. We are seeking candidates who are passionate about dental care and dedicated to providing the highest level of patient care at all times. The Dental Hygienist provides oral hygiene treatment, care, and education in accordance with state-approved guidelines and regulations. Patient screening, medical history and dental charting. Application of fluoride and protective sealants. Removal of calculus, stain and plaque from above and below the gum line. Provides nutritional counseling, and self-care programs to prevent disease. Other duties as assigned Qualifications Desired Skills: Must have an active Hygiene license for the state you are applying to. Strong verbal and written communication skills Additional Benefits For Full-time Employees Medical Dental services Life insurance Vision 401k to name a few At DCA we don’t just accept differences — we celebrate them and recognize the value this brings to our patients and employees. DCA is proud to be an equal opportunity workplace. Equal opportunity and consideration are afforded to all qualified applicants and employees. We won't unlawfully discriminate on the basis of gender identity or expression, race, ethnicity, religion, national origin, age, sex, marital status, physical or mental disability, Veteran status, sexual orientation, and any other category protected by law. The DCA team is best characterized by the relationships we have with our patients and each other. We embrace collaboration which is necessary to innovate in today’s changing world of dentistry . Our culture encourages participation, diversity of thought, innovation, and strong execution. Go further with an Ally"
3888962553,"Service Technician - McLain Cycles Garfield - Traverse City, MI",Specialized Bicycle Components,assist customers; communication; cooperate with colleagues; provide technical expertise,assist customers; communication; cooperate with colleagues; provide technical expertise,,"About Specialized Innovation has guided our every decision since 1974. As more riders of all ages get on the roads, trails, and streets than ever before, we’re here to do the best work of our lives to push the greatest human powered machine into the future each and every day. We’re a team of barrier-breakers, disrupters, and problem solvers. We’re committed to building a diverse and inclusive workforce where every teammate can succeed as we inspire riders everywhere. In Company Owned Retailed, we strive to be a transformative, inclusive, authentic, rider focused, and collaborative team that creates the best bikes and delivers world class rider care attention. Simply said, we provide quality in our products and to our riders at every interaction and are looking for a teammate to be a part of this growing team. Reach out – we’re here to help you build your career at Specialized. Job Summary A Service Technician is the front line and point person for our brand to the rider and encourages successful, profitable retail by taking their technical expertise to the next level as a driver of outstanding in store brand experiences. A Service Technician works directly with riders, both present and remote, to identify and locate the goods, services, and experiences needed to provide solutions quickly and frictionlessly to keep them riding longer and better. Service Technicians work collaboratively and hands-on with staff and local riders as a host, mentor, brand advocate, and technical service ace. The Service Technician provides exceptional rider service; enhances rider satisfaction; and aids in meeting sales and profitability goals. How You’ll Make a Difference Meeting and making a connection with riders, asking qualifying questions and listening to riders' needs, then giving options and advice on meeting those needs from a pre-set service menu or tune ups and a la cart service.Speak authoritatively on technical matters as they relate and pertain to our bicycles; be the expertAssists customers in an enthusiastic and courteous manner; provides “wow” customer service.Responsible for properly taking in all service work and setting and exceeding rider expectations, including correctly filling out service work orders, scheduling an appropriate number of repairsAdvises and assists customers with their product/service selection without bias.Develops and maintains knowledge expertise of all merchandise in department to effectively assist customers with accurate information; keeps current as new product lines are introduced.Assists with bike sales with technical consulting, and any other bike floor duties as needed.Deliver best in class rider-service that ensures ongoing service and high levels of rider satisfactionGeneral cleanliness standards are set at store opening, maintained throughout the day, and reset at close of business, including light janitorial dutyProficiency in Lightspeed point of sale systems and store operational websitesRegular, dependable attendance and punctuality What You Need To Win Passion for cycling and the Specialized brandExcellent communication with the ability to effectively interact with riders and team membersMust be able to work as business dictates which includes weekendsAbility to stand for extensive time periods; while occasionally walking, kneeling, or reachingAble to lift at least 50 lbs. or more and use proper lifting skills TELL ME MORE Competitive health care (Medical PPO or HDHP)*Dental*Vision*Health Savings Account (HSA)Short and Long Term DisabilityCompany sponsored life insuranceOptional Term Life InsuranceOptional Critical Illness insuranceOptional Critical Accident insuranceCompetitive vacation package*401(k) with match8 Weeks paid parental leavePaid company holidaysEmployee discounts on all productDeep partner retail discountsFitness & Events ReimbursementUniform AllowanceEmployee Assistance ProgramCommuter Benefits *if applicable in stateFamily & Friends DiscountFor eligible employees Here at Specialized we believe that bikes have the power to change lives. Our culture is one of passion, striving to break barriers and have a positive impact on the world. We want to increase representation of all races, genders, and body types in the cycling industry and are committed to building a diverse and inclusive workforce where all people thrive. We encourage everyone – especially those from marginalized groups – to apply to our job postings and help us earn the position as the rider’s brand of choice. We are always looking for creative, innovative, and passionate people who are eager to contribute to our mission of pedaling the planet forward. Regardless of your qualifications, if you are ready to make a difference, please apply and let us know how you can make an impact at Specialized! See what we are up to on LinkedIn, Instagram, and most importantly, our #DogsofSpecialized."
3905292891,Credit Assistant Manager,Rent-A-Center,art collections; communication; customer service; electronics; manage time; plan; transportation methods,art collections; communication; customer service; electronics; manage time; plan; transportation methods,,"Rent A Center Ready to do your best work? Interested in a starting hourly rate up to $16 to $18? Why should I apply in just a few clicks? Paid Time Off and Sundays Off -- We are Closed! Full-Time Employment and a Consistent Schedule Weekly Pay (companywide) Award Winning Culture with the Opportunity to AdvanceBonus potential for Assistant Managers and above Great BenefitsMedicalDentalVisionLife InsuranceSupplemental Life InsuranceSpouse/Dependent Life InsuranceShort Term DisabilityLong Term DisabilityFlexible Spending Accounts401(k) Savings Plan w/company matchPaid Time OffLegal InsuranceIdentity Theft Protection PlanHealth Savings AccountsHospital IndemnityCritical IllnessAccident InsuranceLimited Purpose Plan What will you do? Provide customers access to high-quality goods that enhance their quality of life. You will do meaningful work and make a difference in our customers' lives! A day in the life of a Credit Assistant Manager: Credit and Collections: Positively impact growth and revenue through communicating with customers and collecting on accounts on a daily basis Customer Service: Provide friendly, top-notch customer experiences through ""white glove"" service with a servant's heart in our stores and in customer's homes Deliveries & Pickups: Opportunity to get out of the store and display a winning spirit through safe and compliant loading/unloading and installation of products, while following all handling and transportation procedures Merchandising: Maintain an inviting store with organized product and cleanliness with both customers and fellow coworkers in mind What are the minimum requirements? 1-3 years of retail/customer service, sales, or collections experience High school diploma or equivalent Must be at least 18 years of age Valid state driver's license and good driving record -- You WILL be driving the company vehicles Ability to lift and move product such as furniture, electronics, and appliances Great communication and customer service skills What are some additional helpful traits? Seeking more than just a job, but a CAREER A desire to improve our customer's lives A hunger to learn the business Grit and determination This is an excerpt from the full job description and is not intended to be all-inclusive. Other related duties may be required to meet the ongoing needs of the business. Rent-A-Center is committed to creating a diverse and inclusive work environment and is proud to be an equal opportunity employer."
3884937111,Senior Accountant - West Omaha Headquarters - One of Nebraska’s Best Corporations - HEMPHILL EXCLUSIVE!,Hemphill - Search • Consulting • Staffing,accounting; computer assisted language learning; financial analysis; plan,accounting; computer assisted language learning; financial analysis; plan,,"Senior Accountant - West Omaha Headquarters - One of Nebraska’s Best Corporations - HEMPHILL EXCLUSIVE! We are proud to partner with one of Nebraska’s best corporations while selecting a Senior Accountant who will work at this company’s home office in West Omaha. This industry leader is highly profitable, stable, known for their excellent training, warm & engaging culture, lucrative benefits, 40 hour work week, and continued career opportunities for high performing employees. Enjoy a broad range of responsibility while focused on journal entries, general ledger reconciliations, month-end close, post-close financial analysis, and accounting and analysis tied to project accounting for new capital projects. This leadership team is committed to hiring high caliber individuals, providing excellent training, and mentoring team members with an excellent balance of challenge and empowerment so each individual strives toward their full potential. Scope of Responsibilities:Enjoy a wide array of responsibilities related to month-end close, financial reporting, post-close financial analysis, and project accounting related to fixed assets.Take an active role in preparing monthly, quarterly, and annual financial statements.Review actual financial results vs. plan then present conclusions to management while discussing options to improve efficiency and profitability. Enjoy being a part of a company with an excellent partnership between operations and accounting & finance where all are focused on optimizing efficiency and profitability. Enjoy exceptional benefits, a retirement package second to none, excellent work life balance, continued career growth and promotions based upon your performance, a beautiful West Omaha office, and a casual dress code. To learn more about this position call Austin Hemphill at 402.334.4800 *246 or send an e-mail to ahemphill@hemphillsearch.com to learn more. Job # 9277AH The Right Match - The First Time Your Confidentiality is Our Priority; Hemphill will NOT Forward Your Resume Without Your Approval. To see all Hemphill job postings go to www.hemphillsearch.com Hemphill Voted – “Best Employment Firm” by Omaha’s Business Leaders & B2B Magazine in 2008, 2009, 2010, 2011, 2013, 2014, 2015, 2016, 2017, 2018, 2019, 2020, 2021, 2022 & 2023! Omaha Chamber of Commerce Top 25 – “Excellence in Business Award Winner” based upon our growth and commitment to quality. *** Never a fee to our applicants ***"
3902322747,"Senior Manager, Service Sales",Thermo Fisher Scientific,acoustics; communication; lead a team; lead others; microscopic techniques; morality; plan; sales strategies,acoustics; communication; lead a team; lead others; microscopic techniques; morality; plan; sales strategies,,"As part of the Thermo Fisher Scientific team, you’ll discover meaningful work that makes a positive impact on a global scale. Join our colleagues in bringing our Mission to life every single day to enable our customers to make the world healthier, cleaner and safer. We provide our global teams with the resources needed to achieve individual career goals while helping to take science a step beyond by developing solutions for some of the world’s toughest challenges, like protecting the environment, making sure our food is safe or helping find cures for cancer. Discover Impactful Work: As a Senior Sales Manager for the Electron Microscopy Global Service Sales team you are in charge of leading a team of Service Sales Managers who sell and support Value Added and Classic service contracts in all regions. You will be accountable for ensuring the team has effective customer relations, develops opportunities for growth within an existing and new customer base, and assures market penetration and profitability while achieving sales and profit forecasts. This is an excellent opportunity for an experienced professional who enjoys completing account planning and forecasting, analyzing reports on business, and handling performance of the team! Keys to Success: Lead the strategic direction for Global Service Sales team; Manage the sales team to drive sales strategies to meet plan and expand business; Ensure team builds and maintains a pipeline of opportunities to meet or exceed sales objectives; Achieve target pricing within regions to control profitabilityFocus the organization on delighting customers and delivering on the wider Thermo Fisher value proposition. Establish relationships with key customers across the region with regular sales calls and a strategic partnership approachResearch competitor and industry activity and keep informed of new products/services and other general information of interest to customers incorporating this data in the business plan; Introduce new products and servicesBuild product and marketing strategy in partnership with global and regional strategy to drive strong business performance that capitalizes on market opportunityLead the Sales and Customer Success support to enhance the customer experience in using our services and solutionsShow initiative to develop programs to drive growth in any economic conditionMaintain accurate reporting, records, and files necessary for proper management of regionMentor and develop the team, build career plans and plans for successionPositively represent Thermo Fisher Scientific at all times throughout customer locations Education A Bachelor’s degree in Science, Technology or Engineering highly preferred Experience 5 years of relevant, industry-specific experience strongly preferred, ideally in Semiconductor, Life Science and/or Material Science fieldsStrong sales management experience and proven leadership abilities Knowledge, Skills, Abilities Excellent business insight and skillsAdvanced selling and presentation skillsExcellent interpersonal and communication skillsAble and willing to travel to customer locationsDemonstrates the Thermo Fisher values (The Four I’s) – Integrity, Intensity, Innovation, and Involvement Benefits We offer competitive remuneration, annual incentive plan bonus, healthcare, and a range of employee benefits. Thermo Fisher Scientific offers employment with an innovative, forward-thinking organization, and outstanding career and development prospects. We offer an exciting company culture that stands for integrity, intensity, involvement, and innovation! Our Mission is to enable our customers to make the world healthier, cleaner and safer. Watch as our colleagues explain 5 reasons to work with us. As one team of 100,000+ colleagues, we share a common set of values - Integrity, Intensity, Innovation and Involvement - working together to accelerate research, solve complex scientific challenges, drive technological innovation and support patients in need. #StartYourStory at Thermo Fisher Scientific, where diverse experiences, backgrounds and perspectives are valued. Apply today! http://jobs.thermofisher.com Thermo Fisher Scientific is an EEO/Affirmative Action Employer and does not discriminate on the basis of race, color, religion, sex, sexual orientation, gender identity, national origin, protected veteran status, disability or any other legally protected status. Accessibility/Disability Access Job Seekers with a Disability: Thermo Fisher Scientific offers accessibility service for job seekers requiring accommodations in the job application process. For example, this may include individuals requiring assistance because of hearing, vision, mobility, or cognitive impairments. If you are a job seeker with a disability, or assisting a person with a disability, and require accessibility assistance or an accommodation to apply for one of our jobs, please submit a request by telephone at 1-855-471-2255*. Please include your contact information and specific details about your required accommodation to support you during the job application process. This telephone line is reserved solely for job seekers with disabilities requiring accessibility assistance or an accommodation in the job application process. Messages left for other purposes, such as not being able to get into the career website, following up on an application, or other non-disability related technical issues will not receive a response."
3901697286,Water Resources Engineer,NESC Staffing,civil engineering; communication; fingerspelling; geographic information systems; hydraulics; hydrology; manage quantitative data; manufacturing plant equipment; think creatively,civil engineering; communication; fingerspelling; geographic information systems; hydraulics; hydrology; manage quantitative data; manufacturing plant equipment; think creatively,,"Water Resources Engineer Job Description• Available full-time (40 hours/week)• Review and investigate historic drawings, documentation, on-site, and internal knowledge to confirm and optimize the construction and operation of waterway systems• Perform field work to investigate and assess utilities infrastructure and gather data• Provide engineering and technical direction to engineering consultants to support the preparation of civil studies, reports, plans, specifications, and construction drawings• Review hydrologic and hydraulic engineering studies as Owner’s Representative and provide recommendations for future projects• Develop concept designs and RFPs (Request for Proposals)• Review contract documents and calculations for lift stations, weir systems, and pipelines• Develop equipment and construction specifications• Attend, participate in, and problem solve during site visits from concept through construction• Independently review calculations, drawings, and specifications and ensure that all projects are designed and executed to applicable codes and standards, with focus on constructability, efficiency, and long-term maintainability• Resolve design issues creatively and thoroughly coordinating design with other disciplines• Provide guidance and concise decision matrices to support executive decisions• Partner with internal teams to develop, maintain, communicate, and enforce company design guidelines, standards, master specifications, and details• Liaison with City officials and external agencies to ensure project scope and implementation is coordinated and compliant with external requirements• Occasionally perform as Engineer of Record, including signing and sealing construction documents as needed Hours:7am - 4pmBasic Qualifications• 5+ years of experience in municipal, consulting, or related field• Background in hydrology and hydraulics (open-channel flow, pipelines, flood mitigation)• Experience with modeling, design, and construction of underground utility systems, weirs, and pumps or ability to analyze modeling results• AutoCAD (Civil 3D), Revit, Adobe Acrobat, or Bluebeam Revu• Effective communication skills (verbal and written) with clients, consultants, contractors, Resort stakeholders, and management• Strong analytical skills with the ability to resolve complex technical issues• Working knowledge of standards and codes applicable to civil utility systems• Current registration as a Professional Engineer in the State of CaliforniaPreferred Qualifications• Experience with creating and updating features in GIS (Esri ArcGIS)• Experience with HEC-RAS, InfoWater or similar modeling softwareRequired Education• BS Civil Engineering or related field"
3905366388,Commissioning Software Integration Engineer,Cummins Inc.,architectural design; basic chemicals; communication; control systems; embedded systems; manage time; mechanical systems; product comprehension; programmable logic controller; systems thinking; think creatively,architectural design; basic chemicals; communication; control systems; embedded systems; manage time; mechanical systems; product comprehension; programmable logic controller; systems thinking; think creatively,,"Description We are looking for a talented Commissioning Software Integration Engineer to join our team for our Accelera Business Unit in Fridley, MN. This position will involve extensive travel (greater than 50%) including being away as much as a month at a time at the customer site. Will occasionally involve some Saturday work. In this role, you will make an impact in the following ways: This applied technology position provides input into software updates that is sold as an integral part of Cummins’ products. People in these positions will have involvement in specification, design, implementation, testing and/or release of software that controls the operation of Cummins’ products in a variety of customer applications.Investigates embedded software problems, understands causal mechanisms, recommends appropriate action, owns problem resolution and documents results.Applies and improves embedded software development processes and tools. Processes include model-based development, coding, compiling and test. Tools include Simulink, code editors, integration tools, static analysis tools, compilers and hardware in the loop test tools.Makes decisions in the areas of software requirements, architecture, design, implementation and test that impact the quality and performance of software subsystems and feature classes.Leads the development and improvement of work processes and systems across a functional discipline area within a business unit site.Operates as a recognized specialist in a discipline or product area within the immediate team. Qualifications To be successful in this role, you will need the following: Product Failure Mode Avoidance - Mitigates potential product failure modes, by identifying interfaces, functions, functional requirements, interactions, control factors, noise factors, and prioritized potential failure modes and potential failure causes for the system of interest to effectively and efficiently improve the reliability of Cummins’ products. Product Verification and Validation Management - Develops product systems validation plans from a variety of inputs to identify failure modes, while managing product risk and relative priority; negotiates product requirements against capability to guide project scope; evaluates analytical, simulation and physical test results to verify product capability and validate requirements; assesses legacy versus proposed system solution capabilities and produces recommendations with technical documentation to support product decisions. System Requirements Engineering - Uses appropriate methods and tools to translate stakeholder needs into verifiable requirements to which designs are developed; establishes acceptance criteria for the system of interest through analysis, allocation and negotiation; tracks the status of requirements throughout the system lifecycle; assesses the impact of changes to system requirements on project scope, schedule, and resources; creates and maintains information linkages to related artifacts. Systems Thinking - Defines the system of interest by drawing the boundaries, identifying its context within its environment, its interfaces, and that it has a lifecycle to aid in planning the problem statement, scope and deliverables ; analyzes linkages and interactions between elements that comprise the system of interest by using appropriate methods, models and integration of outcomes to understand the system, predict its behavior and devise modifications to it in order to produce the desired effects. Education, Licenses, Certifications College, university, or equivalent Bachelor's degree in Engineering or appropriate STEM field is required.This position may require licensing for compliance with export controls or sanctions regulations Experience 4 years experience as a Controls or Automation Engineer is required with a demonstrated track record of technical problem solving and quality decision making.Must be able to do greater than 50% travel to customer sites within predominately, the US.Responsible for integration and communication interface of delivered hydrogen electrolyzer equipment within the control system of customer at customer site.Responsible for ensuring the control system and HMI of electrolyzer units are functional as preparation for end-of-line testing in test facility as well as at customer sites with respect to commissioning.Experience with industrial control and PLC/SCADA systems (Siemens TIA Portal, WinCC).Experience with IT networks, servers and protection thereof (firewalls).Demonstrate a tenacious personality and the ability to manage a high volume of customer needs at anytime.Able to interpret schematic network and electrical diagrams and technical specification documents.Knowledge of MS Office tools is preferred. Compensation Salary Range: $84,800 - $127,200. Please note that the salary range provided is a good faith estimate on the applicable range. The final salary offer will be determined after considering relevant factors, including a candidate’s qualifications and experience, where appropriate. Cummins and E-verify Cummins validates right to work using E-Verify. Cummins will provide the Social Security Administration (SSA) and, if necessary, the Department of Homeland Security (DHS), with information from each new employee’s Form I-9 to confirm work authorization. Job ENGINEERING Primary Location United States-Minnesota-Minneapolis-US, MN, Fridley, Cummins Power Generation Job Type Experienced - Exempt / Office Recruitment Job Type Exempt - Experienced Job Posting Apr 19, 2024, 5:51:06 AM Unposting Date Ongoing Organization Accelera Business Role Category Hybrid - Potential for Partial Remote Relocation Package Ineligible Req ID: 240003BM"
3884925952,Summer Temporary - Certified Nursing Assistant (CNA) - 3 South (24/E/N),Beth Israel Lahey Health,acute care,acute care,,"When you join the growing BILH team, you're not just taking a job, you’re making a difference in people’s lives. Job Type: Temporary Scheduled Hours: 24 Work Shift: Night (United States of America) SUMMER TEMP 24hpw; 7p-7:30a, rotating weekends and holidays Job Description: **Great Opportunity for Nursing School students that have completed a minimum of 2 clinical rotations** MAIN FUNCTION: Responsible for personal care to provide and maintain physical comfort. Work under supervision and delegation of registered nursing staff. Will also include ""Sitter"" duties. REQUIRED EXPERIENCE: High School graduate or equivalency or enrolled in a co-op program with successful completion of HS diploma within 6months. Current MA Certified Nurse Assistant License, EMT License, or current enrollment in a nursing program with sufficient hours of clinical rotation required. Excellent organizational skills and work pace consistent with working in a busy, acute care unit. Active American Heart Association BLS certification REQUIRED upon hire. 1-2 years Cert. Nursing Assistant experience preferred. As with all job assignments, staff may be floated to areas where they are needed. FLSA Status: Non-Exempt As a health care organization, we have a responsibility to do everything in our power to care for and protect our patients, our colleagues and our communities. Beth Israel Lahey Health requires that all staff be vaccinated against influenza (flu) and COVID-19 as a condition of employment. Learn more about this requirement. More than 35,000 people working together. Nurses, doctors, technicians, therapists, researchers, teachers and more, making a difference in patients' lives. Your skill and compassion can make us even stronger. Equal Opportunity Employer/Veterans/Disabled"
3891289628,Learning and Development Program Manager,Rohde & Schwarz,communication; history; make decisions; metrology; periodisation; plan; sales activities,communication; history; make decisions; metrology; periodisation; plan; sales activities,,"With the ongoing expansion of the Div1 Sales Team, there is a critical need for a Learning and Development Program Manager to quickly ramp new hire knowledge for maximum effectiveness. This program manager will work with sales management, Munich L&D teams, and other resources to define an onboarding program that every new Div1 salesperson or AE will complete when they join RSNA. The program manager will then execute this program on an ongoing basis, based upon RSNA Div1 hiring plans. In addition to the onboarding component, the L&D Program Manager will develop and execute an ongoing training plan for Div1 sales employees to further increase their skills and capabilities. Based anywhere in the US, this is an ideal position for an experienced salesperson, AE, or RM who has a passion for sales but prefers a more stable salaried compensation structure rather than the uncertainty associated with a large at-risk commission plan. This is also a high-profile position that will help advance the manager’s career at R&S, both in the US and globally. Your tasks Own, develop, and execute the onboarding plan for Div1 sales resources (AM, AE, and SE)Execute onboarding plan periodically for new sales employees as required (ex quarterly, assuming a critical mass of new hires)Post onboarding, deliver high-functioning team members to the Div1 sales organizationWork with Div1 sales management to identify and address gaps in training and onboardingWork with Sales Operations to optimize training and onboarding processes for maximum efficiency and effectivenessCollaborate closely with the RSNA Learning and Development team, as well as department-specific L&D coordinators, to utilize best practices across the companyCollaborate with Munich L&D teams to leverage their offerings as appropriate for the Div1 sales teamInvolve other RSNA resources (ex senior leadership, operations, sales managers, etc.) in the onboarding process, to maximize new hire engagement while building their networkDevelop and execute on ongoing Div1 sales training plan that leverages RSNA, Munich, and external resources, to foster continuous learning and skill development of the sales teamTrack completion and effectiveness of onboarding / training programs and adjust as neededTeach relevant training topics to both new and experienced salespeople as required Your Qualifications Bachelor of Science in Engineering or related technical fieldExperience as an R&S Account Manager, Applications Engineer, or Region ManagerAbility to develop onboarding and training programs that align with a company’s business modelStrong collaboration skills when working with a diverse set of departments and teamsAbility to influence other teams and departments to drive execution of onboarding/training programsExcellent communication and presentation skillsExperience managing teams of technical salespeople a plusAbility to travel 30% of the time, throughout the US and occasionally to the global R&S headquarters in Germany Interested? We are looking forward to receiving your application! The total compensation for this position is $150K-$250K. Total compensation includes base salary, variable pay (when applicable) plus benefits. The range is determined by the position, geographic location and level. Individual pay within the range is determined by several factors including location, education or training, relevant work history, sales incentive structure and job-related skills. We are committed to hiring and retaining a diverse workforce. We are proud to be an Equal Opportunity Employer, making decisions without regard to race, color, religion, creed sexual orientation, gender identity, marital status, national origin, age, veteran status, disability or any other protected class. As long as the job posting is online, we welcome applications for the position. Rohde & Schwarz is a global technology company with approximately 14,000 employees and three divisions Test & Measurement, Technology Systems and Networks & Cybersecurity. For 90 years, the company has been developing cutting-edge technology, pushing the boundaries of what is technically possible and enabling customers from various sectors such as business, government and public authorities to maintain their technological sovereignty."
3900938819,Accounts Payable Intern,Charter Manufacturing,accounting; communication; manage time; office software,accounting; communication; manage time; office software,,"Charter Manufacturing is a fourth-generation family-owned business where our will to grow drives us to do it better. Join the team and become part of our family! Charter Manufacturing is hiring an Accounts Payable Intern! Duration/Schedule: Flexible part-time during the school year and full-time during the summer months. Start Date: May 2024 What you'll need: Enrollment in a four-year degree program in Accounting, Finance, or a related field with current status of at least a Sophomore levelCumulative GPA of 2.75 or higherProficient in Microsoft Office software: Excel, Word, and PowerPointStrong verbal and written communication skillsStrong interpersonal and relationship building skillsAbility to succeed in a team environmentAbility to handle multiple tasks What we'd prefer: Accounting or Finance major with multiple related courses completed toward majorStrong attention to details, accuracy, and reliabilityAdvanced Excel skillsOracle experience What you'll do: Develop a general understanding of the accounting or financial processesSupport Continuous Improvement projectsDocument and improve processesCreate specific reports and complete special projectsSupport month-end close At Charter Manufacturing we believe our culture is our strongest competitive advantage. We are proud to offer our interns these awesome perks: Mentorship, Trainings, Workshops, and Networking EventsCompetitive Pay and Weekly PaycheckPaid HolidaysAccess to Full-Time employment opportunities across our 4 business divisions and corporate officeAdjusted Service Time if hired on full-time after graduationCelebrating wins, we are successful because of our employees – and their great work doesn’t go unnoticed. We recognize and reward our employees for their contributions"
3902358755,Student Radiologic Technologist I,Novant Health,,,,"Overview The Student Radiologic Technologist I assists in meeting the needs of patients, team members, clinicians and departmental operations by providing clerical, technical and clinical operational support. Under the direct / indirect supervision of a registered radiologic technologist during Clinical Education, the Student Radiologic Technologist I assists physicians in the performance of diagnostic and / or therapeutic procedures by preparing the patient and operating the x-ray equipment in order to obtain diagnostic images. At Novant Health, one of our core values is diversity and inclusion. By engaging the strengths and talents of each team member, we ensure a strong organization capable of providing remarkable healthcare to our patients, families and communities. Therefore, we invite applicants from all group dynamics to apply to our exciting career opportunities. #novanthealthallied Qualifications Education: High School or GED, required. 2 Year / Associate Degree, preferred. Currently enrolled in NMPMC Radiography Program in 1st year, required. Responsibilities It is the responsibility of every Novant Health team member to deliver the most remarkable patient experience in every dimension, every time. Our team members are part of an environment that fosters team work, team member engagement and community involvement. The successful team member has a commitment to leveraging diversity and inclusion in support of quality care. All Novant Health team members are responsible for fostering a safe patient environment driven by the principles of ""First Do No Harm""."
3905680513,(USA) Personal Shopper - Sam's- PT,Sam's Club,business processes; communication; company policies; ethics; morality; promote company; provide information,business processes; communication; company policies; ethics; morality; promote company; provide information,,"Position Summary... What you'll do... Develops and supports Membership by providing information on Membership benefits, promoting the value of Company products and services, processing Memberships, upgrades, and credit accounts, participating in sales and marketing events, and making efforts to meet Membership goals. Maintains safety of Facility by following all safety standards, procedures, and guidelines including conducting safety sweeps, following proper forklift spotting procedures, following proper procedures for handling and disposing of hazardous materials, following Company steel standard guidelines, and correcting/reporting unsafe situations to Management. Fulfills Member Fax 'n Pull and Click 'n Pull orders by reviewing orders, pulling items from shelves, scanning items, wrapping and palletizing items, ensuring the accuracy of orders and invoices, securing items until Members arrive, and following up on out-of-stock merchandise to meet Member needs. Completes work assignments and priorities by using policies, data, and resources; collaborating with managers, co-workers, customers, and other business partners; identifying priorities, deadlines, and expectations; carrying out tasks; communicating progress and information; determining and recommending ways to address improvement opportunities; and adapting to and learning from change, difficulties, and feedback. Provides Member service by acknowledging the Member, identifying their needs, assisting with purchasing decisions, locating merchandise, resolving issues and concerns, and promoting the Company's products and services. Complies with company policies, procedures, and standards of ethics and integrity by implementing related action plans; using the Open Door Policy; and applying these in executing business processes and practices. Minimum Qualifications... Outlined below are the required minimum qualifications for this position. If none are listed, there are no minimum qualifications. Preferred Qualifications... Outlined below are the optional preferred qualifications for this position. If none are listed, there are no preferred qualifications. Primary Location... 1910 E SERENE AVE, LAS VEGAS, NV 89123-3227, United States of America"
3884899894,Maintenance Technician II,CRMG,assume responsibility; carpentry; genetics; handle chemicals; history; manage time; perform cleaning duties; place drywall; show commitment,assume responsibility; carpentry; genetics; handle chemicals; history; manage time; perform cleaning duties; place drywall; show commitment,,"Description: Commercial and Residential Management Group (CRMG) is looking for a Maintenance Technician II who can carry out repairs, electrical, plumbing, carpentry, painting, landscaping, and janitorial services for three historic apartment communities in Portland totaling 82-units. The Maintenance Technician II will also be responsible for traveling to other properties in the portfolio as needed. The Maintenance Technician II must have an amazing attention to detail, time management skills, and be comfortable managing work orders using technology. If you have maintenance experience, enjoy working individually or on a team, and possess the desire to continuously learn, we would love to talk to you. We want to see what you might contribute to the Maintenance Technician role! Location: Homeroom Apartments, Mt. Tabor Apartments, and Foster Building Hourly Rate: $27-$29/hr. Schedule: FT, Monday - Friday, 8am - 5pm Weekly Contracted Hours: 40 hrs. Additional Compensation: A monthly $50.00 cell phone stipend and mileage reimbursement What we'll do for you as the Maintenance Technician II (Employee Benefits): The Maintenance Technician is eligible for benefits first of the month following 30 days of employment.Make sure you're covered – Medical, Dental, Vision Insurance, Employer-paid Life Insurance, Employee Paid Voluntary Insurance options, and a Flexible Spending Medical/Dependent Care Savings Account.Give you the tools to stay on track for the future – The opportunity to enroll in the 401(k) program with an employer match (Eligible first of the month after 90 days of employment).Assistance with work/life balance – Employee Assistance Program (Available to use on your first day!)Give you a break – Paid Sick time, Vacation, nine (9) paid Holidays, and your birthday off! *A Skills Assessment test will be conducted prior to extending an offer. A pre-employment background check is required on all final candidates*Requirements: What you will bring as the Maintenance Technician IITwo (2) years' previous apartment maintenance experience (required).Motivation, time management, and the ability to follow instructions working alone or as part of a team.Basic knowledge of landscaping, electrical, plumbing, carpentry, appliance repair, painting, drywall installation and repairs, and installation and repair of flooring (required).Pool maintenance experience (preferred).Experience operating a pressure washer.Ability to lift up to 60 pounds.Knowledge and experience using a vacuum cleaner and other janitorial equipment, both manual and power, and handling chemicals with close attention to safety rules.Available for after-hours emergencies.Reliable transportation capable of transporting necessary tools, including power washing equipment.A current and valid driver's license, proof of insurance, and a clean driving record.Ability to read, write and understand written and verbal communications and directions.Knowledge of and adherence to all Landlord, Tenant, and Fair Housing Laws, and safety protocols. About Us Income Property Management recently acquired C&R Management Group, reshaping the long-standing history of both companies to Commercial and Residential Management Group (CRMG). This strategic alliance allows us substantially greater purchasing power with our vendors and suppliers. It also enables us to attract skilled, talented employees seeking a career with a successful and stable organization. We offer those associates a variety of opportunities for growth. Through training and experience, these employees grow with us over time, as many already have, to be excellent property management professionals – the lifeblood of any successful, professional property management organization. EEO Statement CRMG provides equal employment opportunities to all employees and applicants for employment and prohibits discrimination and harassment of any type without regard to race, color, religion, age, sex, national origin, disability status, genetics, protected veteran status, sexual orientation, gender identity or expression, or any other characteristic protected by federal, state, or local laws. This policy applies to all terms and conditions of employment, including recruiting, hiring, placement, promotion, termination, layoff, recall, transfer, leaves of absence, compensation, and training. This employer participates in E-Verify. For more information: E-Verify Participation / Right to Work PM21 PI239177571"
3903457651,AGV Technician Level 3,Dematic,asset management; electronic communication; genetics; hydraulics; identify problems; move objects; perform minor repairs to equipment; predictive maintenance; remove dust; sensors; troubleshoot,asset management; electronic communication; genetics; hydraulics; identify problems; move objects; perform minor repairs to equipment; predictive maintenance; remove dust; sensors; troubleshoot,,"The Electro-Mechanical Technician Level 3 is responsible for the day-to-day troubleshooting and preventative/predictive maintenance in a freezer with below normal temperatures on occasion. Acts as a Automatic Guided Vehicle (AGV) technician on all equipment including minimal conveyors that are installed at the (Lacey, WA) site location. (4x12 shift) Overtime and occasional weekend work may be required. What we offer: Career Development Competitive Compensation and Benefits Pay Transparency Global Opportunities Learn More Here: https://www.dematic.com/en-us/about/careers/what-we-offer/ Dematic provides equal employment opportunities to all employees and applicants for employment and prohibits discrimination and harassment of any type without regard to race, color, religion, age, sex, national origin, disability status, genetics, protected veteran status, sexual orientation, gender identity or expression, or any other characteristic protected by federal, state or local laws. This policy applies to all terms and conditions of employment, including recruiting, hiring, placement, promotion, termination, layoff, recall, transfer, leaves of absence, compensation, and training. The base pay range for this role is estimated to be $32 to $34 an hour at the time of posting. Final compensation will be determined by various factors such as work location, education, experience, knowledge, and skills. Tasks and Qualifications: What You Will Do In This Role Repair and maintenance of AGVs including calibrating sensors, component adjustment/replacement, component lubrication, hydraulics troubleshooting, etc. Completes preventative maintenance routines, documentation, and procedures. Use electrical test equipment to troubleshoot electrical circuitry (5V to 480V). Create and close work orders into asset management system with appropriate data to include labor hours, equipment maintenance, and parts used. Troubleshoot AGV problems and understand resources needed to resolve them. Locate and track spare parts from inventory. Performs complex maintenance and equipment testing to ensure they meet specifications. Provide assistance with training customers to operate equipment. Respond to service calls and correct equipment failures and faults. Identify problems as they occur and take appropriate steps to solve them. What We Are Looking For High School diploma or equivalent required. Typically, an Associate’s degree or vocational technical training preferred. Specialized skill training/certification preferred. Demonstrates a senior-level knowledge of a technical or specialty area. Proven experience in area of responsibility and successful demonstration of position and key tasks as presented above. Ability to be customer facing while maintaining professional communications through email and in person conversations with onsite customer leadership, Dematic leadership, and technicians. Responsible for leading projects, teams, and directing day to day operations and tasks to onsite maintenance team. Able to lift and move material up to 50 pounds each Regular bending, lifting, stretching, and reaching both below the waist and above the head Occasionally push and pull wheeled dollies loaded with products up to 100 pounds Able to climb ladders and gangways safely and without limitation Working conditions may include small spaces, dust, fumes/odors, hot/cold temperatures, inside/outside noise, vibration, standing on concrete for long hours, and wet or uneven surfaces #In-post"
3887914770,Team Member,Holiday Stationstores,computer programming; customer service; english; perform procurement processes; sell products; spanish; think critically,computer programming; customer service; english; perform procurement processes; sell products; spanish; think critically,,"Store 2746417: 10909 Radisson Road NE, Blaine, Minnesota 55449 Availability - Shift/Days Flexible Availability Customer Service Representative We want you to join our team as a Customer Service Representative. If you have the desire to be challenged, work in a fast-paced, fun environment and to grow your career - look no further. As a Customer Service Representative, You Will Enjoy Medical, Vision, Dental, & Life Insurance/Short & Long Term DisabilityFlexible SchedulesWeekly PayFull-Time or Part-TimeLarge, Stable EmployerFast Career OpportunitiesWork With Fun, Motivated PeopleTask VarietyPaid Comprehensive Training401K With a Competitive Company MatchFlexible Spending/Health Savings AccountsTuition Reimbursement Your Key Responsibilities You will greet customers, run the register, cashier, make purchase suggestions and sometimes work with our food program. There is never a dull moment as you will be working around the store (inside and out) in many different areas to help maintain our high standards for store appearance and provide fast and friendly service to our customers. Provide regular and predicable onsite attendance. You will interact with many customers daily, all while working with a fun, energetic team accomplishing daily tasks around the store! You Are Good At Selling products to customersProviding excellent customer careCommunication and friendly conversationPerforming at a quick pace while having funWorking as part of a team to accomplish daily goalsComing up with great ideas to solve problemsThinking quickly and offering suggestions Great If You Have Retail and customer service experienceSales associate or cashiering experienceHigh school diploma or equivalentMotivation to advance in your career!Willingness to learn and have fun! Physical Requirements Ability to stand and/or walk for up to 8 hoursLift and/or carry up to 30 pounds from ground to overhead up to 30 minutes in a shiftOccasionally lift and/or carry up to 60 pounds from ground to waist levelPush/pull with arms up to a force of 20 poundsBend at the waist with some twisting up to one hour a shiftGrasp, reach and manipulate objects with hands. This handwork requires eye-hand coordination, and may require climbing a ladder to store and retrieve materials or place and remove signs Circle K is an Equal Opportunity Employer. The Company complies with the Americans with Disabilities Act (the ADA) and all state and local disability laws. Applicants with disabilities may be entitled to a reasonable accommodation under the terms of the ADA and certain state or local laws as long as it does not impose an undue hardship on the Company. Please inform the Company’s Human Resources Representative if you need assistance completing any forms or to otherwise participate in the application process. Click below to review information about our company's use of the federal E-Verify program to check work eligibility: In English In Spanish"
3884443038,Pharmaceutical Sanitation Technician,ABM Industries,agricultural chemicals; avoid contamination; cleaning products; cleaning techniques; customer service; english; good manufacturing practices; history; perform cleaning duties; perform minor repairs to equipment; personal protective equipment; pharmaceutical processes; remove snow; source (digital game creation systems); types of ceiling,agricultural chemicals; avoid contamination; cleaning products; cleaning techniques; customer service; english; good manufacturing practices; history; perform cleaning duties; perform minor repairs to equipment; personal protective equipment; pharmaceutical processes; remove snow; source (digital game creation systems); types of ceiling,,"The Sanitation Technician position provides the cleaning and upkeep of an assigned area within a pharmaceutical manufacturing facility located in Pearland, TX. Cleaning and sanitation of premises and equipment are essential to efforts to prevent contamination of product, and they need to be done in compliance with Good Manufacturing Practice (GMP) regulatory requirements. To be considered, use the following link to apply: https://eiqg.fa.us2.oraclecloud.com/hcmUI/CandidateExperience/en/sites/CX_1001/requisitions/preview/82875?utm_medium=jobboard&utm_source=LinkedIn+Recruiter+Sourced QualificationsMust have Good Manufacturing Practice (GMP) clean room and/or sanitation experience Must be able to read, write, and speak in English Shift Times: Based on operational needs, work shifts can be adjusted on a temporary basis with proper notice. Benefit Information: ABM offers a comprehensive benefits package. For information about ABM’s benefits, visit ABM 2024 Employee Benefits | Front Line Team Members | (Programade Beneficiosde ABM) Essential FunctionsMust be able to wear appropriate clean room attire (i.e. surgical masks) and all Personal Protective Equipment (PPE) Perform cleaning methods, such as wiping techniques of equipment, wall and ceiling and floor mopping techniques. Responsible for the operation, maintenance and cleaning of equipment Responsible for the cleaning/sanitization solution and material preparation Possesses basic technical knowledge and background Understands aseptic technique concepts/proper cleanroom behavior Responsible for receiving and the organizing of gowning and cleaning materials Identifies and communicates material discrepancies Follows compliance and regulatory requirements and current Good Manufacturing Practices (cGMPs) Follows and executes Standard Operating Procedures (SOPs) May participate in the training activities of others on SOPs, equipment, all unit operations and non-manufacturing SOPs May participate in the training activities of others on basic operations such as cleaning/sanitization of cleanrooms, cleaning and maintenance of equipment, solution and material preparation Participates with technical documents such as non-conforming events and deviations Possess basic computer skills and able to efficiently use basic Microsoft applications' Suggests continuous improvement ideas Responsibilities Cleans building floors by sweeping, mopping, scrubbing, or vacuuming them. Follows procedures for the use of chemical cleaners and power equipment in order to prevent damage to floors and fixtures. Sometimes using ladders, dusts and washes furniture, walls, machines, and equipment; cleans ceilings and dusts and polishes light fixtures. Washes and replaces blinds Moves cabinets, boxes, furniture, crates and equipment to clean areas, either manually or by using hand trucks May remove stains from such surfaces as rugs, drapes, walls, and floors using chemicals and cleaning solutions. May also sweep walks, rake leaves, cut grass, remove snow or perform other incidental seasonal tasks Mixes water and detergents or acids in containers to prepare cleaning solutions according to specifications Strips, seals, finishes, and polishes floors Cleans and vacuums carpeted areas, including application of spot cleaning treatment Gathers and empties trash Wipes and cleans tabletops, chairs, and equipment in food areas Cleans and polishes furniture and fixtures Services, cleans, and supplies restrooms Periodically cleans overhead vents, dusts blinds, and polishes wood furniture Cleans interior partition glass, windows, glass partitions, and mirrors using soapy water or other cleaners, sponges, and squeegees Sprays insecticides and fumigants to prevent insect and rodent infestation Sets up, arranges, and removes decorations, tables, chairs, ladders, and scaffolding to prepare facilities for events such as banquets and meetings Must keep janitor’s closet neat and orderly and maintain equipment in good working order Requisitions supplies and equipment needed for cleaning and maintenance duties Monitors building security and safety by performing such tasks as locking doors after operating hours and possibly checking electrical appliance use to ensure that hazards are not created Drives vehicles (if required) to perform or travel to cleaning work, including vans, industrial trucks, or industrial vacuum cleaners May be expected to make basic repairs Miscellaneous duties as assigned QualificationsMust be 18 years of age or older Must meet all requirements to receive approval for working in specific ATS environments (if applicable), including ten-year work history if available Must have GMP clean room and/or sanitation experience Must be able to read, write, and speak in English Preferred Qualifications: Customer Service Experience 1 yr of similar work experience"
3889490158,Sales Associate - Optical,iHire,assist customers; blockchain consensus mechanisms; communication; customer service; mentor individuals; metrology; optical components,assist customers; blockchain consensus mechanisms; communication; customer service; mentor individuals; metrology; optical components,,"Company Description National Vision operates over 50 Vista Opticals located on military exchanges throughout the United States. Exclusively serving military personnel and their families, Vista Optical offers the convenience of on-base shopping with value pricing. For more details about Vista Optical in select military exchanges, visit MilitaryOptical.com At National Vision, we believe everyone deserves to see their best to live their best. We help people by making quality eye care and eyewear more affordable and accessible. Our strong force of talented opticians and associates help customers see their best to live their best. By selling, fitting and dispensing eyewear to customers with superb customer service, our opticians ensure our standard of excellence is never compromised and theyre rewarded for that with an impressive benefits package. How would you like Sundays off? Yes, every Sunday were closed! Job Description What would you do? The Specifics Meet or exceed National Visions sales and company objectives.Achieve and maintain the highest level of customer service.Accurately process orders for eyewear via the POS/SDS system.Take optical measurement for patient eyewear as permitted by state law.Coordinate the distribution of eyewear products to patients according to National Vision guidelines.Assist with dispensing eyeglasses and contact lens to patients, as permitted by state law.Perform insertion and removal training of contact lenses to patients as directed by management and permitted by state law.Contribute in the marketing of the store by passing out flyers, making PA announcements and participating in Business Builder events.Complete inventory count and replenish stock as necessary. Qualifications Are you the right fit? - The Suitable Talent Strong selling skills.Ability to learn optical knowledge.Strong customer service skills.Effective interpersonal communication skills.Excellent organizational skills.Detailed oriented.Professional attitude and appearance.Able to work and interact effectively within a host store environment, adhering to and promoting all host store policies, procedures and regulations. Additional Information Taking care of our people We understand the importance of financial health and security, and because of that, we provide competitive compensation to all Associates including bonus potential for every position in the store! We also offer a comprehensive benefits package including health and dental insurance, 401k retirement savings with company match, flex spending account, paid personal time off, paid company holidays, parental leave, employee eyewear discount and much, much more. At National Vision, we strive to deliver opportunities for professional growth and long-term career fulfillment. We provide training programs, access to educational courses and pride ourselves on the ever-increasing amount of promotions from within. Please see our website www.nationalvision.com to learn more. We are an equal opportunity employer. We evaluate qualified applicants without regard to race, color, religion, sex, sexual orientation, gender identity, national origin, genetic information, disability, veteran status, and other legally protected characteristics. Employment Type: Full Time"
3905372619,Fountain Installer - Rotating Shifts / Seasonal,PepsiCo,communication; driving examinations; mechanical systems; patents; perform minor repairs to equipment; troubleshoot,communication; driving examinations; mechanical systems; patents; perform minor repairs to equipment; troubleshoot,,"PBNA $34.10 / hour CLICK HERE to view our MEM (Marketing Equipment Maintenance) Job Preview Video $34.10 per hour Full-Time / Rotating Shifts (Hours are based on customer needs - may include nights and weekends) This is a seasonal (temporary) position. Full-Time hours are available May 1st - September 30th. This position delivers and installs vending/fountain equipment as needed. Position uses lifting and equipment to load/unload and move large fountain machines/units at customer accounts. Prepares equipment for delivery and maintains all paperwork associated with equipment installation and removal. Installs fountain beverage systems from start to finish. May also assist with moving, storing, and organizing equipment in inventory at the facility. This position requires lifting, pushing/pulling and moving vending/fountain machines that weigh approximately 800-1200 pounds several times over 10-12 hour period. PRIMARY ACCOUNTABILITIES: Unload and load new and used vendors or fountain for daily deliveryInstall vendors and load/reload with products as necessaryRepair and perform preventative maintenance on vending/fountain equipmentEducate customers on basic equipment repair and upkeep proceduresCollect accurate and complete equipment informationMaintain parts, tools, and equipmentFollow DOT regulationsComplete required paperwork and maintain accurate customer/work order records for each deliveryTransport miscellaneous items such as compressors for repair/scrap, cardboard for recycle, etc.Fill install and adjust to proper mix of productEstablish positive customer relationshipsRegular, reliable, predictable attendance BASIC QUALIFICATIONS: At least 18 year of age 21 or older if CDL required.Valid CDL license (if required)Pass DOT physical and DOT Road Test (if applicable)Follow DOT regulations HELPFUL EXPERIENCE: Working with mechanical systems (e.g., knowing mechanical concepts, troubleshooting and repairing appliances, performing basic household repair in plumbing, circuits, fuses, and electrical components, operating hand tools and power tools, etc.)Generating and setting work schedules (e.g., determining the priority of work projects, building work schedules, scheduling tasks during the day, etc.)Operating trucks requiring a CDL Class B license (e.g., performing basic functions like driving forwards, driving backwards, or maneuvering in tight spaces, etc.)Serving customers (e.g., resolving customer issues, ensuring appropriate communication with store managers, following up on customer requests, etc.)Completing basic paperwork (e.g., filling out paperwork, completing documentation to turn in to supervisor, filling out timecards mileage, etc.) Our Company will consider for employment qualified applicants with criminal histories in a manner consistent with the requirements of the Fair Credit Reporting Act, and all other applicable laws, including but not limited to, San Francisco Police Code Sections 4901-4919, commonly referred to as the San Francisco Fair Chance Ordinance; and Chapter XVII, Article 9 of the Los Angeles Municipal Code, commonly referred to as the Fair Chance Initiative for Hiring Ordinance. > All qualified applicants will receive consideration for employment without regard to race, color, religion, sex, sexual orientation, gender identity, national origin, protected veteran status, or disability status. PepsiCo is an Equal Opportunity Employer: Female / Minority / Disability / Protected Veteran / Sexual Orientation / Gender Identity If you'd like more information about your EEO rights as an applicant under the law, please download the available EEO is the Law & EEO is the Law Supplement documents. View PepsiCo EEO Policy. Please view our Pay Transparency Statement"
3891067970,Maintenance Technician - Palazzo,The Job Network,carpentry; computer assisted language learning; english; interact verbally in english; maintenance operations; make decisions; manage time; perform procurement processes,carpentry; computer assisted language learning; english; interact verbally in english; maintenance operations; make decisions; manage time; perform procurement processes,,"Job Description Service/Maintenance Technicians make our apartment communities a great place to live. We take pride in the appearance and maintenance of our communities, and our residents tell us this is one of the most important reasons they choose to call us home. You will work at our Palazzo East community located near The Grove in Los Angeles, CA. Check them out for yourself here:https://www.palazzo-east.com/ A bit more about what you’ll do… Provide exemplary service to residents and team membersWith limited direction, perform routine maintenance and repairs (ie, completion of basic apartment turn, troubleshoots and repairs plumbing leaks, installs and replaces sinks, faucets, and toilets, troubleshoots and replaces basic electrical components, etc.) Qualifications At least 1 year of maintenance experience, preferably in some form of facilities or building environment or relevant training/education programBasic skills in two or more technical trades (plumbing, electrical, appliances, HVAC, carpentry, etc.) As an AIR Service Technician you must have: A reliable mode of transportationAbility to work a flexible schedule including evenings, weekends, 7-day work weeks (depending on community needs and seasonality), and on-call shifts (at least one week a month)Comfort with physical activity as you must be able and willing to move heavy equipment and machineryAbility to read, write, and speak English The most successful AIR Service Technicians are: Tech savvyStrong with mechanical aptitudeCustomer service orientedHighly organizedGreat trouble-shootersAdvocates for teamworkExperts on attention to detail Additional Information AIR offers attractive total compensation packages designed to recognize and reward performance at the individual, team and company levels. We start with a competitive base salary and add bonus opportunities and benefit choices topped off with: Expected pay rate of $18.50 - $20.00 per hour. You will be provided a pay rate that is in line with your skills and experience as they relate to the requirements of the job.50% Discounted Rent at AIR communities (certain exclusions apply, and an application is required).Eligible for quarterly bonuses based on performance and customer satisfaction.Medical, dental, vision, and life insurance options available. HSA with company sponsored contributions, FSA (traditional and dependent care FSA).Short and long-term disability paid by the company.401(K) and Employee Stock Purchase Plans.Paid Vacation, 9 Paid Holidays, and Paid Sick Time.Tuition Assistance Program.Commuter Benefits and Pet-Insurance.Up to 100% Reimbursement on Professional Certification/Licensing for Job Related Curriculums.Paid parental leave of up to 16 weeks, following the birth or adoption of a child.Consumer discounts from various products and services including travel planning, wireless phones, health and fitness, home appliances, and more.15 hours of paid time annually to give-back to your community.Opportunities for professional development and career growth including realistic job previews, in person and virtual leadership training, and performance improvement courses. Candidates extended an offer will be required to undergo a four-panel drug screening that excludes marijuana testing. PandoLogic. Keywords: Apartment Maintenance Technician, Location: LOS ANGELES, CA - 90040"
3901176510,Multifamily Development Analyst,Endeavor Real Estate Group,asset management; communication; economics; financial statements; history; morality; project management; report facts,asset management; communication; economics; financial statements; history; morality; project management; report facts,,"Endeavor Real Estate Group - Greater focus, greater value. At Endeavor, we’ve built our continued success on a simple formula. Approach every relationship with integrity and treat every project like it’s in our own backyard. With this formula, we’ve grown steadily since 1999, through some of history’s most turbulent market conditions. It’s the foundation for projects that are built to last, and for a company dedicated to the needs of property owners, investors, tenants, and the community. It’s doing the right thing, for the right reasons. It’s our Endeavor. Job SummaryThe Multifamily Development Analyst performs complex investment due diligence and analysis work. Work involves assisting the Multifamily development team with potential site analysis, vertical underwriting of investment, comp research, and extensive due diligence from beginning of project to starting construction. This position will report directly to the Principals of the Multifamily division and work closely with all members of Endeavor’s Multifamily team. Essential Job Functions and Responsibilitiesfinancial analysis of multifamily developments with various other real estate investment components (ground floor retail, mixed use, office) and other various opportunitiesin the due diligence or transaction process (purchases, sales, construction loan closings, etc.)in the debt and equity raising process (put together packages, manage lender/investor correspondence, etc.)existing real estate assets based on analyzing historical operating and financial performancepresentation materials for investment committee, investor presentations, or other meetingsfinancial information from various sources to forecast business, industry and economic conditionscompile, investigate, and analyze market data to identify potential investment opportunitieswith preparation of project approval materials for managementvarious asset management schedules, portfolio-level reports, and other investor or corporate reports Financial Skillsmathematical concepts including net present value (“NPV”), levered and unlevered internal rate of return (“IRR”), cash on cash return, yield on cost (“YOC”), and all basic concepts associated with real estate financean extensive variety of technical instructions in mathematical or diagram form and deal with several abstract and concrete variablesexperience in financial modeling in Excel and the review of financial statements in relation to multifamily operations Technical SkillsExcel, PowerPoint and Word experience skills required Personal Skillswriting and editing skillsattention to detaildriven and able to prioritizeorganizational and project management skills Education/Experiencedegree in Finance, Economics or related fieldleast 1 Year of Multifamily underwriting experience on development or principal side required. Work with the largest real estate developer and service provider in central Texas. Endeavor Real Estate Group is a growing company offering a professional, innovative and collaborative work environment."
3888022976,HOSPICE CHAPLAIN,Liberty Healthcare and Rehabilitation Services,philosophy; theology,philosophy; theology,,"Liberty Cares With Compassion At Liberty Hospice we understand the unique needs of our patients and families facing terminal illness. That is why Liberty Hospice provides our hospice patients with state-of-the-art care and pain management services, delivered by our specially trained staff with emphasis on strength, dignity and compassion. We are currently seeking an experienced: HOSPICE CHAPLAIN Per Diem (Coverage Area - Asheville/Buncombe County) Job Description: Provides spiritual support to patients/caregivers. Develops and maintains a resource group of clergy. Acts as a liaison between hospice and community. Documents records of visits to patients/caregivers. Works collaboratively as a member of the Interdisciplinary Team. Other job duties as assigned. Job Requirements: Bachelor’s degree from an accredited college/university in religion, human services, theology, philosophy and/or be an ordained minister of his/her religious organization with emphasis in counseling. Prefer advanced degree or appropriate certification in hospital or pastoral ministry. Experience and competence in therapeutic methods of working with individuals, groups, and families in crisis, preferably in counseling and death, dying, and grief. Ability to be open, flexible, and ecumenical. Ability to work with IDT as a member as well as the ability to work autonomously. Ability to select, train, and supervise the work of the bereavement volunteers. Visit www.libertyhomecare.com for more information. Background checks/drug-free workplace. EOE. PI239202399"
3904416513,General Superintendent,Zion Talent Partners,apply strategic thinking; communication; company policies; construction methods; first aid; lead others; manage time; resuscitation,apply strategic thinking; communication; company policies; construction methods; first aid; lead others; manage time; resuscitation,,"Superintendent Needed for Heavy Civil Company in the Central Valley Are you ready to lead the charge in heavy civil construction? Zion Talent Partners is on the lookout for a dynamic Superintendent to spearhead our operations in the heart of the Central Valley. If you're a seasoned professional with a passion for excellence and a knack for leadership, we want to hear from you! The Opportunity: As our Superintendent, you'll be at the forefront of our clients operations, overseeing project execution, coordinating resources, and ensuring that every aspect of our heavy civil projects exceeds expectations. From managing timelines and budgets to fostering a culture of safety and collaboration, you'll play a pivotal role in driving our success. Lead and mentor a team of skilled professionals, including foremen, crews, and subcontractors, to deliver projects on time and within budget.Collaborate closely with project managers, engineers, and clients to develop and implement effective construction strategies.Monitor and enforce compliance with safety regulations and company policies, promoting a culture of safety and accountability.Proactively identify and address potential issues or delays, keeping projects on track and mitigating risks.Foster strong relationships with stakeholders, subcontractors, and suppliers, ensuring clear communication and seamless coordination.Utilize cutting-edge technology and best practices to optimize efficiency, productivity, and quality on the job site.Coordinate and schedule on site disking and/or clearing. Locate jobsite water sources. Verify existing sewer storm inverts prior to starting underground work. What You'll Bring:Extensive experience in heavy civil construction, with a proven track record of success in superintendent or similar roles.Strong leadership skills, with the ability to inspire and motivate teams to achieve exceptional results.Excellent communication and interpersonal skills, with the ability to build rapport and collaborate effectively with diverse stakeholders.In-depth knowledge of construction methods, materials, and equipment, coupled with a commitment to quality and safety.Problem-solving mindset, with the ability to think strategically and adapt to evolving challenges.Relevant certifications or licenses (e.g., OSHA 30, First Aid/CPR) preferred. What We Offer:Competitive compensation package, including salary, bonus program, and vehicleComprehensive benefits package, including health insurance, retirement plans, and paid time off.Opportunities for professional growth and advancement within a dynamic and fast-growing company. Compensation: $110,000-$140,000 plus bonuses"
3905395540,"Manager, Managed Network Services Operations",Fujitsu Network Communications,assist customers; communication; customer service; genetics; in-circuit test; measure customer feedback; supervise staff; think innovatively; tools for software configuration management; troubleshoot,assist customers; communication; customer service; genetics; in-circuit test; measure customer feedback; supervise staff; think innovatively; tools for software configuration management; troubleshoot,,"Fujitsu at a Glance Fujitsu is a leading information and communication technology (ICT) company, headquartered in Japan, offering a full range of technology products, solutions, and services. Approximately 132,000 Fujitsu people support customers in more than 100 countries. We use our experience and the power of ICT to shape the future of society with our customers. We are a corporate culture that places great value on the pursuit of new possibilities previously unimagined and brings them to fruition has been the foundation of the Fujitsu’s success since its inception. In an increasingly competitive world, in which the pace of change continues to accelerate, Fujitsu must strive for continuous innovation. Each and every employee will rise to the challenge of creating new value amid changes in the management environment, technology, society and the marketplace. With a spirit of challenge, we are committed to the continuous creation of new value. Fujitsu wants innovators like you! Req ID: 15976 Manager of MNS Operations Manager of Fujitsu Managed Network Services Operations is responsible for leading frontline Network Operations Center (NOC) support engineering team. This leader will oversee 24X7 operations team that monitors and manages networks for our growing and evolving managed network services customer base (broadband network operators) and is responsible for ensuring resolution of network issues in a timely manner and providing excellent customer service. Job Responsibilities Manages delivery of all Managed Network Services Operations and SLA contractual requirements to all related clients Develops proactive governance and standard methodologies and processes for incident management, onsite management Works with key vendor partners for collaborative operational solution and accountability. Solution focused leader that acts as point of contact to resolve delivery issues and partner with other teams (infrastructure or escalation or services delivery) to quickly address unique roadblocks to ensure customer satisfaction Strong emphasis on automation and data-focused analytics in operations as required by business needs. Its crucial for this leader to be methodical and well planned in recruiting, onboarding talent and continuous training of team on various technologies, tools and customer networks that span across routing/switching/optical/PON/basic of fiber/power/network issues. Directs and manages the operational activities and resources and process of providing network support for multi-vendor multi-layer networks, including troubleshooting, maintenance, customer responsiveness Ensures the companies resources are used effectively to maintain best in class levels of customer satisfaction. Serves as Fujitsu NOC management escalation point for anything critical to work with services delivery manager and the team to make expedited decisions to resolve customer problems. Responsible to motivate individuals to perform at high levels with positive results and high engagement. Responsible for staff supervision, performance management and work load allocation, mentoring and coaching staff Responsible for unquestionable ownership for delivering service as part of Services org leadership team Qualification And Skills Bachelor’s degree in Engineering; 10+ years in operations and/or delivery or services roles, with at least 5+ years in a management role Exceptional resource management and development skills Excellent communication skills at all levels of an organization and with customers Strong experience in continuous improvement initiatives throughout focused on operational efficiency, service quality, and governance/compliance Ability to view issues from a strategic perspective yet prioritize delivery to meet tactical goals Team player who works well in situations requiring a high level of collaborative and empathy Understands technical telecom, networking, software and IT components as well as working knowledge of maintenance, network operations centers, repair, network planning processes Candidate should be professional, responsive, open-minded, solution-focused and committed to team’s diverse aspirations as part of Operations & Maintenance Solution Management Leadership team Fujitsu salaries are aligned to the specific geographic location in which the work is primarily performed. It is not typical for an individual to be hired at or near the top of the range for their role and compensation decisions are dependent on the circumstances of each situation. The pay range for this role takes into account the wide range of factors that are considered in making compensation decisions including but not limited to: specific skills, qualifications, experience, and comparison to other employees already in this role. The pay range for this position is estimated at $118,866 to $169,809 USD. Additionally, this role may be eligible for a short-term incentive based on company results and individual performance. As a technology company, Fujitsu recognizes that human resources are its most important capital. To create an environment where all employees can work positively and healthily, both in mind and body, we offer a full range of health, 401K, and other benefits. At Fujitsu, one of our corporate principles is ""We respect human rights."" This principle underpins our corporate and individual activities and guides the actions of every Fujitsu Group member. We embrace diversity and equal opportunity. Qualified applicants will receive consideration for employment without regard to race, color, religion, gender, gender identity or expression, sexual orientation, national origin, genetics, disability, age, or veteran status. By empowering people, we can unleash our collective strengths to create a better experience for our employees, our customers, and our partners. California Privacy Act: https://www.fujitsu.com/us/Images/CALIFORNIA-CONSUMER-PRIVACY-ACT-NOTICE.pdf"
3885818127,Culinary | Intermediate Cook 2 ($26.75/hour),Hyatt Regency,communication; manage time; plan; pregnancy,communication; manage time; plan; pregnancy,,"Organization- Hyatt Regency Seattle Summary Join us for an incredible opportunity to be a part of our Culinary Team as our Intermediate Cook 2 . The Cook 2 position will support our Culinary operations at the Hyatt Regency Seattle! This Intermediate level Cook position requires good communication as well as at least 2 years of previous line cook experience. A Culinary degree or related hotel experience preferred. Candidates should be able to perform all basic and intermediate cooking skills including preparation of soups, sauces, stocks, frying, broiling and be comfortable in producing at a high volume level. The hourly rate for this position is $26.75 to $27.29. The starting rate for this position is $26.75/hour. This position also has an established rate for colleagues who remain in the position for four years, which is $27.29/hour. Benefits & Perks: Medical insurance for you and your dependents for $106 per month after 30 days of employment Dental Insurance Vision Insurance 401(k) & Retirement Savings Plan (RSP) Basic Life Insurance Short Term Disability Insurance New Child Leave & Adoption Assistance Paid Time Off for Full-Time Colleagues: 10 days (80 hours) earned upon completing 1-4 years of service 15 days (120 hours) earned upon completing 5-9 years of service 20 days (160 hours) earned upon completing 10+ years of service (2) Floating Holidays per year (6) Paid Holidays per year Regular Part-Time Colleagues: Pro-rated vacation hours earnedon 1-year anniversary based on average weekly hours worked during the previous 12 months of employment Compassionate Leave Jury Duty Leave Seattle Paid Sick & Safe Time Extended Illness Days – unused sick and safe time in excess of 72 hours converted to Extended Illness Days at the end of each calendar year Perks Employee Assistance Program Free Uniforms and Cleaning of your Uniform Discounted parking Discounted Rooms at any participating Hyatt location starting on your first day of employment Up to 12 complimentary rooms at any participating Hyatt location after 90 days of service Free colleague meals during shift Hyatt Colleague discount program Tuition Reimbursement ORCA Pass subsidy When applying for a position working at a Hyatt hotel, you are pursuing an opportunity to join a culture built on caring and attentive colleagues who have a passion for providing efficient service and creating meaningful experiences. Our values are the guiding principles for our success, giving us the opportunity to open over 1,350 properties worldwide. Hedreen Hotel Employer LLC is an equal employment opportunity and affirmative action employer. We do not discriminate on the basis of race, color, gender, gender identity, sexual orientation, marital status, pregnancy, national origin, ancestry, age, religion, disability, veteran status, genetic information, citizenship status, caste or any other group protected by law. Qualifications A true desire to satisfy the needs of others in a fast paced environment. Good communication skills 2 Years Of Previous Line Experience Preferred Culinary degree or related hotel experience is preferred Able to stand for long periods of time Able to perform all basic and intermediate cooking skills Able to work multiple stations in the kitchen Able to produce at a high volume level Strong Knife Skills Are Required Requires moderate supervision and training Must be able to work a flexible schedule including evenings, weekends and holidays Must have a valid/active Food Handler's Card"
3890893741,Senior Enterprise Account Executive,DNSFilter,attack vectors; communication; company policies; customer service; cyber security; develop strategy to solve problems; domain name service; ensure compliance with company regulations; network standards; product comprehension; service-oriented modelling,attack vectors; communication; company policies; customer service; cyber security; develop strategy to solve problems; domain name service; ensure compliance with company regulations; network standards; product comprehension; service-oriented modelling,,"At DNSFilter we are making workplaces more secure through protective DNS and advanced content filtering—and we need your help! We’ve come a long way over the past few years. In 2021 we had a successful $30 million Series A funding round, in 2022 we became the fastest DNS security tool on the planet and acquired the privacy-focused VPN Guardian, and in 2023 we extended our Series A by $15M and added more global points of presence to our anycast network! As we continue our product-fueled growth by adding new features and broadening our solution to meet the needs of the global market, it's clear there's a missing piece. That's where you come in! We are looking for a Senior Enterprise Account Executive responsible for identifying, prospecting into, building, and maintaining long-lasting relationships with new and existing Enterprise accounts; offering effective solutions that will meet their requirements. Eligible candidates have an effectively persistent hunter mentality, have and can work successfully and consistently in a remote environment, are familiar with working in a fast-paced hyper-growth SaaS start-up, and can succinctly demonstrate their successful experience prospecting, nurturing, and closing Enterprise accounts for cybersecurity solutions. This is a full-time, remote role, includes travel to industry conferences as needed, and is open to candidates in the United States and Canada. Requirements:Minimum of 5-7 years of B2B sales experience in cybersecurity.Relationships within the enterprise sector and a proven track record of successful sales in this market.Knowledge of DNS security and other cybersecurity threats and technologies.Strong communication and presentation skills, with the ability to convey technical concepts to a non-technical audience.Proven track record of meeting or exceeding sales quotas and driving revenue growth.Ability to work effectively both independently and as part of a team.Demonstrated success in strategic account planning and pipeline management.Ability to understand customer needs and develop solutions that address their challenges.Excellent communication and presentation skills, with experience presenting to C-level executives.Strong organizational, planning, and prioritization skills to manage multiple opportunities.Experience with Salesforce for pipeline management and deal forecasting.Ability to travel to industry conferences as needed.Experience working remotelyA strong understanding of computer network protocols, DNS, Routing/switching, TCP/IP etc.Vast network of buying personas in the Central region of the USAn energetic & entrepreneurial team player who is a strong and proactive communicatorSelf-starter who operates independently while being collaborative with the broader tea At DNSFilter You Will:Drive revenue growth through prospecting, qualifying, and closing new logos. Demonstrate strategic thinking, analysis, and insights to cultivate an account planning strategy to achieve sales goals, both with new logo acquisition and existing logos.Have effective outbound pipeline management and forecasting.Strategize and execute on collaborative prospecting strategies with assigned Business Development RepresentativeBuild and maintain strong relationships with key decision-makers, influencers, and stakeholders within customer accounts.Develop and execute strategic account plans to meet sales targets and increase revenue. Uncover customer needs and business challenges to effectively position DNSFilter solutions.Build and maintain strong client relationships, acting as a trusted advisor and ensuring customer satisfaction.Lead product demonstrations and presentations, utilizing deep product knowledge and industry expertise.Manage contract negotiations to ensure compliance with company policies and procedures.Collaborate with internal teams, such as operations, marketing, and customer support to align efforts and achieve goals.Share market insights and customer feedback to contribute to product/service enhancements.Mentor and train junior members of the sales team. Compensation Range$200,000 - $250,000 USD OTE We Offer:A 100% work-from-home position with a company that values and fosters personal and professional growthPathway to promotion to additional organizational positions and responsibilities based upon results and performance - not just time in the chair. You help us grow, we will help you grow.Passionate and intelligent colleagues who work hard and have a good time doing itRotating 4-Day work weekPaid company-wide week off at the end of each yearFlexible Vacation policyAwesome company swagHome office buildout allowanceFull medical, dental, and vision benefits for US and Canada based employeesFull short-term disability and life benefits; available long-term disability401k with vested company matching for qualifying employeesIn-person annual gatherings. Last time we all spent a week on a beach in Cancun! DNSFilter is a pay for performance organization, which means there is the opportunity to advance your compensation with performance over time. The hiring base pay is dependent upon many factors such as level, function, training, transferable skills, work experience, business needs, and/or geographic location. As a fully remote company, our compensation reflects the cost of labor across several U.S. and global geographic markets. We pay differently based on those defined markets. Our Talent Team can share more about the specific salary range for the job location during the hiring process."
3905327849,"Specialist, Retail Service Center - BOS",BlackRock,communication; customer service; history; hybrid model; plan; quality standards; report facts; source (digital game creation systems); stay alert,communication; customer service; history; hybrid model; plan; quality standards; report facts; source (digital game creation systems); stay alert,,"R233094 Description About this role About BlackRock BlackRock’s purpose is to help more and more people experience financial well-being. As a fiduciary to investors and a leading provider of financial technology, our clients turn to us for the solutions they need when planning for their most important goals. As of June 30, 2023, the firm managed approximately $9.4 trillion in assets on behalf of investors worldwide! About Client Experience Our mission within the Client Experience (CX) organization is to make it easier for clients to do business with BlackRock, making service so simple it becomes a source of alpha. We are organized across 4 key pillars: Client Experience Delivery- client-facing teams orchestrating all aspects of service delivery, and onboarding teams bringing new business onto our platform, Wealth- differentiated capability for both Whole Portfolio and Wealth clients & products, respectively, Client Experience Operations- core client operations teams driving reporting, billing, and onboarding due diligence across the globe, and Client Experience Transformation- accelerating progress towards our CX mission via research and competitive insights, analytics, marketing, business and change management. Team Overview The Retail Service Center sits within the CX Wealth team and provides client service support for BlackRock-affiliated U.S. Financial Advisors, U.S. Retail shareholders, Institutional client holding mutual funds as well as assistance with BLK employee accounts specific to mutual funds. The products supported include our open-end mutual funds, certain iShares and closed-end fund products. Role Responsibility Respond to telephone inquiries regarding account status (i.e. account balances, trade / maintenance history, etc.), legal requirements, fund operations, and information on BlackRock products such as service options, fund performance, pricing, yields, portfolio characteristics, historical figures, tax implications, and other mutual fund specific information.Assist customers with accessing and navigating the website and voice response unit.Partner with others within the Shareholder Services area in order to meet departmental quality standards and ensure a smooth flow of operation.Process telephone transactions as requested by shareholders or their representatives using the on-line transfer agency system.Actively support report distribution, researching account in using various resources, responding to written customer inquiries, and assisting other departments.Run ad-hoc projects assigned by supervisors Proficiencies Bachelor’s degree preferred1+ years of experience or recent graduateDesire to learn mutual fund industry from ground up (some knowledge of industry is a plus)Ability to effectively work in a fast paced environment, multi-task and meet deadlinesExcellent verbal and written communication skillsStrong customer service orientationAbility to interact as a team member and maintain a flexible demeanor Our Benefits To help you stay energized, engaged and inspired, we offer a wide range of benefits including a strong retirement plan, tuition reimbursement, comprehensive healthcare, support for working parents and Flexible Time Off (FTO) so you can relax, recharge and be there for the people you care about. Our hybrid work model BlackRock’s hybrid work model is designed to enable a culture of collaboration and apprenticeship that enriches the experience of our employees, while supporting flexibility for all. Employees are currently required to work at least 4 days in the office per week, with the flexibility to work from home 1 day a week. Some business groups may require more time in the office due to their roles and responsibilities. We remain focused on increasing the impactful moments that arise when we work together in person – aligned with our commitment to performance and innovation. As a new joiner, you can count on this hybrid model to accelerate your learning and onboarding experience here at BlackRock. About BlackRock At BlackRock, we are all connected by one mission: to help more and more people experience financial well-being. Our clients, and the people they serve, are saving for retirement, paying for their children’s educations, buying homes and starting businesses. Their investments also help to strengthen the global economy: support businesses small and large; finance infrastructure projects that connect and power cities; and facilitate innovations that drive progress. This mission would not be possible without our smartest investment – the one we make in our employees. It’s why we’re dedicated to creating an environment where our colleagues feel welcomed, valued and supported with networks, benefits and development opportunities to help them thrive. For additional information on BlackRock, please visit @blackrock | Twitter: @blackrock | LinkedIn: www.linkedin.com/company/blackrock BlackRock is proud to be an Equal Opportunity and Affirmative Action Employer. We evaluate qualified applicants without regard to race, color, national origin, religion, sex, sexual orientation, gender identity, disability, protected veteran status, and other statuses protected by law. BlackRock will consider for employment qualified applicants with arrest or conviction records in a manner consistent with the requirements of the law, including any applicable fair chance law."
3901997193,Customer Experience Banker,Huntington National Bank,brainstorm ideas; communication; customer service; economics,brainstorm ideas; communication; customer service; economics,,"Description Summary: Our branch banking roles offer a welcoming and inclusive team environment where you are empowered every day to help our customers achieve their financial goals. Our branch colleagues have an opportunity to share ideas and voice opinions that directly impact our customers, our bank, and our communities for the better. As a Customer Experience Banker, you are a Financial Concierge for our walk-in customers. You are responsible for retaining and growing consumer and business customer relationships by proactively identifying financial goals and needs and recommending appropriate deposit, loan and other banking products and services. You will process customer transactions accurately and efficiently in order to provide exemplary customer service while educating customers on bank products, services and technology. Duties And Responsibilities Providing excellent customer service and effectively resolving customer issues.Being proficient in understanding and educating customers on consumer deposit products and consumer lending.Proactively identifying opportunities to grow customer relationships through a disciplined sales process, new customer follow-up program, outbound calling, and sourcing referrals from customers and partners.Educating and referring customers to other areas of the bank to deepen relationships and build a strong partnership.Adhering to all operational, security, risk and regulatory policies and procedures.Demonstrating acumen in sales, customer service, relationship management, banking, consumer lending, business banking, business lending, communication and presentation.Other duties as assigned. Basic Qualifications High School Diploma or GED and minimum of 1 year customer service or military service in an administration, contracting, civil affairs, or similar role or a Bachelor's Degree. Preferred Qualifications 1 year or more in customer service in banking, financial services or goal driven retail sales. Cash handling skills.Comfort with technology such as mobile services and online banking services. Exempt Status: (Yes = not eligible for overtime pay) (No = eligible for overtime pay) No Workplace Type Huntington is an equal opportunity and affirmative action employer and is committed to providing equal employment opportunities for all regardless of race, color, religion, sex, national origin, age, disability, sexual orientation, veteran status, gender identity and expression, genetic information, or any other basis protected by local, state, or federal law. Tobacco-Free Hiring Practice: Visit Huntington's Career Web Site for more details. Agency Statement: Huntington does not accept solicitation from Third Party Recruiters for any position"
3886849116,Cook II,Accor - North & Central America,brainstorm ideas; corporate social responsibility; manage time; perform cleaning duties; spanish,brainstorm ideas; corporate social responsibility; manage time; perform cleaning duties; spanish,,"Company Description ""Why work for Accor? We are far more than a worldwide leader. We welcome you as you are and you can find a job and brand that matches your personality. We support you to grow and learn every day, making sure that work brings purpose to your life, so that during your journey with us, you can continue to explore Accor’s limitless possibilities. By joining Accor, every chapter of your story is yours to write and together we can imagine tomorrow's hospitality. Discover the life that awaits you at Accor, visit https://careers.accor.com/ Do what you love, care for the world, dare to challenge the status quo! #BELIMITLESS"" Employee benefit card offering discounted rates in Accor worldwide, including Fairmont HotelsOpportunity to develop your talent and grow within your property and across the world!Ability to make a difference through our Corporate Social Responsibility activities, like Planet 21 and our Diversity & Inclusion initiativesLearning programs through our AcademiesCompetitive and flexible Health Care Benefit Plans to meet you and your family’s unique needs, eligibility after 1 month of employmentVacation Benefits after 90 days, 401k match at 100% of first 4% of contributions Job Description What you will be doing: Produce a variety of foods in a neat and timely manner. Emphasis on fresh, appealing presentation. Knowledge of butchery, sauce making, some garde manger. Consistently offer professional, friendly and proactive guest service while supporting fellow ColleaguesBasic prep work, saute, grill, roasting, able to carve meats, prepare eggs to order, pastas etc.Maintain a clean work area during and at the end of shift.Prepare and service all food items for a la carte and/or buffet menus according to hotel recipes and standardsActively share ideas, opinions and suggestions in daily shift briefingsMaintain proper rotation of product in all chillers to minimize wastage/spoilageEnsure storeroom requisitions are accurateHave full knowledge of all menu items, daily features and promotionsEnsure the cleanliness and maintenance of all work areas, utensils, and equipmentFollow kitchen policies, procedures and service standardsFollow all safety and sanitation policies when handling food and beverageOther duties as assigned Qualifications To perform this job successfully, an individual must be able to perform each essential duty satisfactorily. The requirements listed below are representative of the knowledge, skill, and/or ability required. Reasonable accommodations may be made to enable individuals with disabilities to perform the essential functions. Proper and current certification or licenses as mandated by the state of California.Prior practical experience in a professional environment. Spa/ hospitality experience preferred by not required.Strong interpersonal skills and high level of guest service orientation.Ability to work with a diverse population of guests and team members.A friendly, personable disposition and positive attitudeFlexible schedule and availability to work weekends and holidays Hourly rate of $22.50 Additional Information Fairmont Sonoma Mission Inn & Spa, an elegant Spanish mission-style Inn, boasts exceptional accommodation in the heart of Wine Country. As one big team, community of service professionals, we come together and work with a common purpose to welcome, connect and serve others. Visa Requirements: Applicants must be able to provide proof that they are legally able to work in the United States. Our Commitment To Diversity & Inclusion We are an inclusive company and our ambition is to attract, recruit and promote diverse talent. 743999979236998"
3889725573,Business Development Director - Health Analytics,Airfinity Ltd,assertiveness; assume responsibility; communicable diseases; identify new business opportunities; life sciences; pharmaceutical industry; plan,assertiveness; assume responsibility; communicable diseases; identify new business opportunities; life sciences; pharmaceutical industry; plan,,"Business Development Director - Health AnalyticsHybrid The Business Development Director at Airfinity Limited will be responsible for growing the Company’s business with multinational clients in the pharmaceutical industry with a focus on building C-level relationships and identifying new business opportunities to grow Airfinity’s revenue and organisational footprint. We are working with many of the world’s largest pharmaceutical companies worldwide, who use our products solutions to understand the infectious disease landscape, predict demand, improve disease outcomes and ultimately save lives. Responsibilities of the Business Development Director:Manage and grow the Company’s business with a number of clients.Deliver on or above target performance against financial goals for new business, renewals and price increases.Build a deep understanding of the client’s organisational footprint, structure, priorities and plans, documenting and managing these in a Key Account Plan for you and the Company to execute against.Build strong and financially productive relationships with key, senior stakeholders across the global client organisation, to gain the “inside track” on significant initiatives, projects and budgets that you can then sell in to.Be a respected partner to clients and become the “go-to” person to help them solve their business challenges. Requirements: Experience of selling Life Science-based subscription products and services to Big Pharma. Knowledge of vaccine/drug industry and infectious diseases is a plus.Self-confident and articulate individual with the gravitas to hold their own with senior client stakeholders, win their trust and confidence and gain proprietary insights into their budgets, plans and strategies.Track record of over-achievement against new business and retention targets.Degree qualification in a Life Sciences discipline.An existing network in the target client baseThe successful candidate should have the ambition and potential to progress into a leadership role over time If you are interested and would like to find out more, please apply now. We are an Equal Opportunity Employer, who are committed to creating a diverse and inclusive company culture, that does not discriminate. Exclusivity and a diverse culture is what helps us shape who we are and reach our potential."
3905373923,Phlebotomist,Labcorp,art collections; communication; customer service; manage time; perform cleaning duties; pregnancy; process payments; work independently,art collections; communication; customer service; manage time; perform cleaning duties; pregnancy; process payments; work independently,,"We are currently seeking an experienced Phlebotomist to work in Ascension Health Systems. In this role you will provide exceptional customer service, perform skilled specimen collections and be the face of the company. In addition, you will be provided opportunities for continuous growth within the organization. Work Schedule: Monday - Wednesday 11:00AM - 7:30PM (will cover open shifts) Job Duties/Responsibilities Perform blood collections by venipuncture and capillary techniques for all age groupsCollect specimens for drug screens, paternity tests, alcohol tests etc.Perform data entry of patient information in an accurate and timely mannerProcess billing information and collect payments when requiredPrepare all collected specimens for testing and analysisMaintain patient and specimen information logsProvide superior customer service to all patientsAdministrative and clerical duties as necessaryTravel to additional sites when needed Requirements High school diploma or equivalentProven track record in providing exceptional customer serviceStrong communication skills; both written and verbalAbility to work independently or in a team environmentComfortable working under minimal supervisionReliable transportation and clean driving record if applicableFlexibility to work overtime as neededAble to pass a standardized color blindness testPhlebotomy certification from an accredited agency is preferredPrevious experience as a phlebotomist is preferred Benefits: All job offers will be based on a candidate’s skills and prior relevant experience, applicable degrees/certifications, as well as internal equity and market data. Regular, full-time or part-time employees working 20 or more hours per week are eligible for comprehensive benefits including: Medical, Dental, Vision, Life, STD/LTD, 401(K), ESPP, Paid time off (PTO) or Flexible time off (FTO), Commissions, and Company bonus where applicable. For more detailed information, please click here. At LabCorp we have a passion in helping people live happy and healthy lives. Every day we provide vital information that helps our clients and patients understand their health. If you are passionate about helping people and have a drive for service, then LabCorp could be a great next career step! If you're looking for a career that offers opportunities for growth, continual development, professional challenge and the chance to make a real difference, apply today! Labcorp Is Proud To Be An Equal Opportunity Employer As an EOE/AA employer, Labcorp strives for diversity and inclusion in the workforce and does not tolerate harassment or discrimination of any kind. We make employment decisions based on the needs of our business and the qualifications of the individual and do not discriminate based upon race, religion, color, national origin, gender (including pregnancy or other medical conditions/needs), family or parental status, marital, civil union or domestic partnership status, sexual orientation, gender identity, gender expression, personal appearance, age, veteran status, disability, genetic information, or any other legally protected characteristic. We encourage all to apply. For more information about how we collect and store your personal data, please see our Privacy Statement. 2414493"
3887834755,Medical Biller,Complete Staffing Solutions,art collections; document management; insurance law; medical terminology; process payments; terminology,art collections; document management; insurance law; medical terminology; process payments; terminology,,"Overview We are seeking an experienced, skilled, and meticulous Medical Biller to join our team. This job is perfect for someone who is looking for part-time work and who has worked as a coder. . Your expertise in medical coding, terminology, and billing systems will be essential in maintaining efficient financial operations within our healthcare facility. Duties – Review and analyze operative reports to accurately assign appropriate codes using ICD-10 coding systems – Prepare and submit claims to insurance companies for reimbursement – Follow up on unpaid claims and denials, resolving any billing discrepancies – Maintain up-to-date knowledge of insurance regulations, policies, and procedures – Collaborate with medical staff to ensure accurate documentation of services provided – Verify patient insurance coverage and eligibility – Process payments from patients and insurance companies – Assist with medical collections as needed Experience – Proven experience working in a medical office as a coder – Proficiency in medical terminology and medical records management – Strong knowledge of medical billing processes and procedures – Familiarity with various billing systems and software applications – Excellent attention to detail and accuracy in coding and billing practices – Ability to effectively communicate with patients, insurance companies, and healthcare providers If you are a dedicated Medical Biller looking for an opportunity to contribute to the financial success of our healthcare facility, we encourage you to apply. Join our team and make a difference in the lives of our patients through efficient and accurate medical billing processes. Education Requirements High school diploma or equivalentCertification from the American Academy of Professional Coders (AAPC) preferred4+ years experience as a medical billing and coding specialist The post Medical Biller appeared first on Complete Staffing Solutions."
3898167024,"Senior Delivery Consultant, Healthcare Solutions",Messagepoint,apply change management; architectural design; assume responsibility; climbing equipment; communication; ict project management methodologies; lead others; manage time; perform project management; statistics; think creatively,apply change management; architectural design; assume responsibility; climbing equipment; communication; ict project management methodologies; lead others; manage time; perform project management; statistics; think creatively,,"About Us: Messagepoint is a privately-owned, PE-funded software company headquartered in Toronto, Ontario. We enable large enterprises to deliver enhanced customer experiences and achieve a better bottom line by optimizing their omni-channel customer communications. Our award-winning platform gives non-technical business users such as marketers, CX teams and product owners intelligent control over the content in customer communications to achieve unparalleled personalization, relevancy, brand consistency, and compliance. Only Messagepoint harnesses AI-powered Content Intelligence to automate and simplify the process of migrating, optimizing, authoring and managing business-critical on-demand, interactive and batch communications across all platforms and channels. Founded in 1998 as Prinova, Messagepoint has grown from its beginnings as a top global Customer Communications Management (CCM) integrator, to become a leader in the space due to our unique ability to intelligently manage content. Role Overview: As a Senior Delivery Consultant, Healthcare Solutions on the Messagepoint Healthcare team, you will be responsible for the implementation and delivery of healthcare mandated and marketing materials into the Messagepoint platform, oversee the development of applications for the Touchpoint Exchange and its delivery to the clients. Your responsibilities will include ensuring the effective implementation of Messagepoint solutions for healthcare organizations and maintaining superior content quality and process efficiency. Responsibilities:Responsible for working with the Messagepoint Healthcare team to define the end-to-end Messagepoint experience for the clients with a focus on client user enablement and satisfaction with the implementation of the Messagepoint platform.Be able to perform in the capacity of CCM Solutions Architect and/or Solution Lead when assigned. Serve as the primary liaison between clients and Messagepoint, capturing and analyzing the required material requirements.Conduct in-depth data analysis, write requirements, and oversee their implementation.Lead the development of Messagepoint applications for Touchpoint Exchange, including Quality Assurance processes.Work with the implementation team for the successful completion of the work as per the client requirements.Define project timelines that support the delivery of the project scope and meet project objectives.Guide clients in implementing their healthcare marketing and compliance materials into Messagepoint, including ensuring compliance and effectiveness.Develop with client stakeholders, test plans and test cases to ensure the quality and reliability of the delivered solutions.Assist in change management activities, including user training, communication plans, and documentation.Ensure a smooth transition from project development to production.Create and maintain comprehensive documentation and training materials. Qualifications:Minimum 7+ year’s experience with CCM applications such as Messagepoint, Quadient Inspire, OpenText, Sefas Designer or similar solutions.Lead the implementation and delivery of the CCM material solution development projects for the Healthcare organizations.Demonstrated track record of delivery excellence in an environment of multiple assignments and varying complexity, (where complexity is defined by dimensions such as size, solution architecture design and scope).Experience in related CCM solution tools, such as print stream manipulation, archive, data transformation/normalization and scripting tools. Demonstrated experience in Project lifecycle methodologies/SDLCs (Agile, Waterfall, Hybrid) and the ability to effectively interface with internal team and clients throughout various project stages.Proven ability to manage time and priorities effectively.Strong problem-solving skills, with a focus on innovative solutions.Excellent communication skills, capable of effective collaboration across remote teams.Demonstrated ability to implement and manage projects effectively, using appropriate methodologies and tools. Why Messagepoint?Flexibility: Enjoy the benefits of remote work, allowing for a better work-life balance.Career Development: Access to cutting-edge projects.Innovative Culture: Join a company that values innovation, collaboration, and diversity.Competitive Compensation: Receive a competitive salary and benefits package. Messagepoint is an Equal Opportunity Employer and encourages diversity and inclusion in the workplace. We thank you for your interest, however, only those who qualify for an interview will be contacted."
3895216787,Senior Finance Associate,Atlantic Group,accounting; communication; customer relationship management; financial statements; interpret financial statements; lead others; report facts,accounting; communication; customer relationship management; financial statements; interpret financial statements; lead others; report facts,,"Company: $3B+ Private Equity FundRole: Senior Finance Associate / VP Finance (exact title TBD)Location: Greenwich, CT - 5 days in officeCompensation: $125k - $150k base plus 20 - 25% bonus About the Position:This is a unique opportunity to join a PE fund with lots of exposure and room for growth. The candidate will join the finance team and report to the CFO. The candidate will also be exposed to the Partners, Investor Relations, and Deal teams. Responsibilities• Lead quarterly reporting timeline and review quarterly workpapers prepared by the fund administrator• Review financial statements and tax returns prior to issuance and lead respective processes/ timelines• Lead monthly preparation/ review of Management Company financial statements and budgeting using QuickBooks• Assist in the preparation of Quarterly Valuation Templates• Assist with managing deal-closing and onboarding procedures• Assist with maintaining a portfolio monitoring system • Maintain Investor CRM and Investor communication• Monitor Investor Portal • Assist with the preparation of Investor Reporting • Review Investor Confirmations prepared by administrator• Assist with implementing additional operational procedures, checklists, schedules, etc. • Assist with State tax estimates and other compliance filings to keep entities in good standing• Review management company accounts payable and receivable• Unique opportunity to sit in on Investment Committee, Portfolio Committee and Valuation Committee meetings Requirements:3 - 6+ years accounting/finance experience within alternative asset managementCPA or parts passedPublic accounting foundationExperience with credit and fixed income/bonds is a plus ID# 37646"
3901654363,Mechanic Assistant,Invited,communication; fossil fuels; golf; history,communication; fossil fuels; golf; history,,"Job Description We are Invited. At Invited Clubs , work feels like play as you build relationships with your team and meet Members from all different backgrounds. Every time you step foot in your Club, you can create magic moments and enrich lives. We are passionate about bringing people together and bringing out the very best in life. So, join us and be a part of a fun, fast-paced, high-impact group of talented people where you belong. Invited reflects our proud history of inclusiveness and captures our welcoming spirit. Our unprecedented collection of more than 200 golf and country, city, and stadium clubs share a common goal- building relationships and enriching lives. The time has come to build on our traditions and write new chapters. We welcome you to join us. Invited. Where you belong. Job Summary The Assistant Mechanic will assist the Head mechanic/Equipment Manager in maintaining, repairing, and keeping in consistent working order all golf course equipment and golf shop golf carts. Day-to-Day Operate nylon line trimmers, chain saws, walking/riding mowers, tee, rough, approach, tee, collar, and backhoes, tractors, rototillers, aerifiers, topdressers, etc. Assist Head Mechanic/Equipment Manager to establish preventive maintenance programs for all equipment on inventory in the golf maintenance operation including golf shop golf carts. Assist Head Mechanic in maintaining adequate inventory levels of petroleum products, replacement parts, and shop supplies as established by the Director of Golf Course Maintenance/Golf Course Superintendent.Maintain a good working relationship with the golf course maintenance staff to insure communication regarding equipment repair needs. About You Minimum of 2 yrs golf course mechanic experience on small engine repairs required.High school diploma or equivalent required.Technical mechanical school preferred. Have more questions? Check out our Invited Jobs website to get more details about ClubLife, the Employee Experience, Company Benefits, and Our Culture. Be a part of our Social Networks: LinkedIn Instagram Twitter Facebook Invited is an Equal Employment Opportunity Employer / Invited participates in E-Verify. This job post is intended to describe the general requirements for the position. It is not a complete statement of duties, responsibilities, or requirements. Other duties not listed here may be assigned as necessary."
3904954963,Senior Payroll & Benefits Administrator,Pivotal Talent Search,assume responsibility; customer service; database; manage time; mathematics,assume responsibility; customer service; database; manage time; mathematics,,"Sr. Payroll and Benefits Administrator Reporting to the Vice President, Taxation, Financial Compliance and Expense Management, and working closely with the Payroll Manager. This position is responsible for the preparation and processing of semi-monthly, multi-state payroll by established deadlines for nine companies, approximately six hundred employees; review and ensure accuracy of information. The position will audit semi-monthly payrolls to ensure that all employees are paid correctly and in accordance with state and federal regulations and Association policies. And the administrator will be responsible for registering all new state via the state agency websites, reconcile payroll and tax payments, reports, and bank files/statements, and file all payroll documentation in the Payroll Team files. This position will process various other payroll operation functions, including reconciling payroll income statement and balance sheet accounts and reviewing and processing payroll invoices and journal entries. The ideal candidate will have a keen attention to detail, a customer-service orientation, and a high level of proficiency with various technology platforms (including Ceridian Dayforce, ADP and/or other payroll provider software packages). Duties and Responsibilities: Responsible for preparing and processing payrolls for twelve companies.Responsible for processing of the semi-monthly, multi- state payrolls covers approximately six hundred employees.Prep work includes but is not limited to data entry of new hires, terminations, employee changes forms (PCN), address changes and W-4 forms.Updating of voluntary and involuntary deductions such as medical, dental, life, and 401K changes, wage garnishments, child support, tax liens and wage assignments,Assigning and ongoing maintenance of all Time off policies and the calculation of Leave of Absence (LOA) payments (STD, FMLA and ESL) pay codes.Calculate and prepare file runs, W-2 or W-2cs, bonus runs, tax and pension adjustments, manual checks as needed.Maintain the payroll database and schedules and serve as a system administrator.Primary point of contact for timesheets and reporting questions.Send Timesheet reminders to employees and to the approvers for approval.Train new hires on how to enter in their hours and time off requests in ADP.Work with Supervisors for timesheet approvals, and confirm adjustments are validated.Maintain employee data and Company, Team (and/or cost center) information.Process payroll extract from timesheet module and update employee time off and non-exempt excess and overtime hours worked on ADP.Process timesheet adjustments and hours transfers as needed.Close out timecards pay period once processed and move forward to the next pay period.Compile data and create journal entries to record payroll related expenses.Download ADP payroll data and process the general ledger entries for each payroll pay period per the GL reports.Reconcile assigned payroll related income statement and balance sheet accounts.Prepare and delivery of the Affiliates payroll reporting.Review and process payroll invoices.Troubleshoot system and processing errors, exceptions, etc. and make/suggest corrections.Process stops payments via ADP payroll provider.Initiate wire payments or check requisitions and submit them for payment.Keep current with employer paid benefits changes, DOL, Local and Federal regulatory changes affecting payroll procedures and calculations.Monitor and respond to employee payroll issues via payroll email.Assist with special projects as assigned. Qualifications: At least 5 years of related experience in Payroll and Benefits processing, reporting, and managementHigh level of proficiency with Payroll Provider Software Solutions – Specially, ADP, etc.Results oriented with high attention to detail, ability to multi-task, and meet deadlines in a dynamic, fast-paced team environment.Strong customer relations and interpersonal skills with a high level of response to all inquiries"
3894589255,Field Marketing Manager,HireArt,assume responsibility; communication; customer relationship management; lead others; logistics; manage budgets; manage logistics; operating systems; plan; project management; think creatively,assume responsibility; communication; customer relationship management; lead others; logistics; manage budgets; manage logistics; operating systems; plan; project management; think creatively,,"Expected compensation: $95,000.00 - $115,000.00 per year HireArt is seeking a North America Field Marketing Manager to lead the development and execution of field marketing programs that will drive early-stage pipeline to late-stage in support of the sales team. We’re looking for a strategic marketer with a strong track record of building and executing field marketing programs, and the ability to work in partnership with the sales, account management, product, and marketing teams. This role will be responsible for developing and managing field-based demand generation programs and event campaigns to build awareness, drive and nurture leads, and accelerate opportunities to close. Responsibilities Collaborate with the marketing, sales, and account management teams to build and execute a strong field marketing strategy that fills the top of the funnel, using a variety of tactics including on and offline events, webinars, local campaigns, and co-marketing with partnersOwn reporting and tracking of program pipeline and performance results tied to quarterly and annual targets. Manage budgets and campaign tracking and lead the process to meet pipeline goals. Forecast budget needs and return on investment while managing vendor invoices/payments. Research, plan and maintain the HireArt calendar of on and offline events including 3rd party industry conferences, HireArt-driven physical events, roadshows, digital summits and webinars. Manage logistics and execution of all planned events; event themes, work with outside vendors, manage events’ staffingMaintain direct alignment with sales team in terms of all pre and post event communication, marketing-driven campaigns, and event promotion strategyManage internal field and events communication between sales and marketingEvaluate all campaigns’ impact & ROI to determine level of success and inform future planningWork to build strong co-marketing relationships with customers, partners and vendors Requirements 4+ years of experience in marketing ideally within a B2B environmentBachelor’s Degree in Marketing, Communications, or related fieldExperience and familiarity with the contingent workforce software space (VMS, EOR, MSP, etc.)Versed in CRM tools such as Marketo and Salesforce, as well as other office productivity and collaboration toolsProactive and excellent at designing and executing demand generation activities, with a track record of delivering resultsExperience building and delivering field marketing campaigns, events and key account programs in a start-up with a smaller (but growing) sales organizationData-driven – you have a grasp on crucial marketing KPIs and what levers to pull to optimize your campaigns to drive performanceDemonstrated success in highly collaborative partnerships with cross-functional leaders both inside and outside the companyThe experience and passion to think creatively and generate ideas on how to build robust and unique campaignsExcellent verbal, written, and interpersonal skillsOperate with a sense of urgency and hustle, and have a high level of intellectual curiosityHands-on execution ability with effective project management, time management, prioritization, organizational skills, accuracy in performance, and ability to anticipate the needs of salesAbility to travel 10%-20% Bonus Points For Full Stack Marketing experience including digitalExperience in the staffing / contingent workforce industry and/or tech startups About We feel passionately about providing equitable wages, and transparency in compensation is one vehicle to achieve that. Here��s what you can expect from us: Salary Range: $95,000-115,000/ year100% employer-covered insurance premiumsHealth, Dental, and Vision insurance for employee, spouse, and childrenLife and disability insuranceOne Medical subscriptionPaid parental leave401(k) through FidelityUncapped PTO, including paid office holidaysWork setup benefits, including:Workspace/home office set-up stipendCompany-supplied Apple laptopInternet service monthly stipendLunch/snacks weekly stipend Commitment This is a remote, full-time, permanent position with HireArt and is open to candidates who reside and are authorized to work in the United States and able to work during Eastern Time Zone business hours. Unfortunately, we're unable to offer sponsorships or do corp-to-corp. HireArt values diversity and is an Equal Opportunity Employer, which is why we are interested in every qualified candidate, regardless of their background, how they identify, or their inclusion in any protected class."
3903431720,Speech Therapist Home Care,MedStar Health,acoustics; communication; pathology; plan; rehabilitation,acoustics; communication; pathology; plan; rehabilitation,,"Job Summary MedStar Health is looking for a Speech Therapist PV to join our team! As a Speech Therapist PV, you will provide evaluation and speech-language pathology treatment in accordance with agency standards, the laws and regulations governing the provision of speech-language pathology services in the State of Maryland, District of Columbia, or Virginia, and other regulatory requirements. Join one of the largest healthcare systems in the Baltimore-Washington metro region, also recognized as one of the ""Healthiest Maryland Businesses"". Apply today and learn how MedStar Health can be your next great career move! Primary Duties Arranges for the provision of specialized assessments that cannot be conducted in the home environment (e.g., audiological testing, video fluoroscopy studies), and plans adequately for discharge including referrals to appropriate community resources (e.g., outpatient therapy, daycare) able to meet the client needs after discharge. Communicates with a supervisor as scheduled and needed regarding issues related to the delivery of rehab services and individual patient care. Maintains effective working relationships with other departments and participates in multidisciplinary quality and service improvement teams. Participates in meetings and on committees and represents the department and agency in community outreach efforts. Enhances growth and development and enriches personal knowledge and skill through participation in educational programs and affiliations. Maintains ongoing communication with the patient's physician, health care team, and other individuals (e.g., insurance case managers, referring facility personnel) as needed regarding aspects of care and patient's status. Provides an assessment, with the health care team, of the patient's environment and recommends adaptive equipment and/or home modifications that maximize the patient's functional abilities and safety. Assists in attaining items reimbursable as durable medical equipment. Provides initial and periodic assessments to determine the patient's habilitation/rehabilitation needs. Establishes an effective speech-language pathology/dysphasia treatment plan with the patient, their family/caregiver, their physician, and other health care team members. Modifies the treatment plan as needed. Evaluation includes interview, observation, palpation, specialized assessments including dysphasia assessment, oral motor exam, and receptive/expressive language assessment. Such assessments require tools (e.g., sphygmomanometer, stethoscope) and the possession of sight and hearing senses or prosthetics that will enable these senses to function adequately. Provides medical record entries according to agency standards, professional guidelines, and regulatory requirements for the reimbursement of speech-language pathology services. Provides patient and/or caregiver education regarding the injury/disease process, functional limitations, and the purpose of treatment interventions, in addition to, training in aspects of care the patient/caregiver will need to manage after discharge. Provides speech-language pathology/dysphasia services in accordance with the treatment plan, agency standards, and other professional and regulatory guidelines. Performs procedures and modalities, including associative language exercises, oral motor exercises, aural rehab, and thermal stimulation. Supervises home health aides in aspects of patient care and related activities. Qualifications Master’s degree in Speech-Language Pathology. 1-2 years Clinical experience. License to practice Speech-Language Pathology in the State of Maryland or Virginia, or Certificate of Competency by ASHA (American Speech-Language-Hearing Association) if working in the District of Columbia Maryland, or any combination as required based on work location(s). BLS (Basic Life Support). Valid State Driver’s License in good standing with a dependable vehicle for transportation."
3903845708,"Research Associate, Family Demography",Pew Research Center,application process; communication; cooperate with colleagues; demography; grammar; journalism; opinion poll; orthodontics; perform project management; plan; research design; social sciences; sociology; statistics; study topics; surveying; think creatively,application process; communication; cooperate with colleagues; demography; grammar; journalism; opinion poll; orthodontics; perform project management; plan; research design; social sciences; sociology; statistics; study topics; surveying; think creatively,,"Department Overview Pew Research Center’s Social Trends team studies how social and demographic change affects the way Americans view and experience work and family life, with a particular focus on differences by gender, race, ethnicity, and socioeconomic class. The team explores these topics by combining original public opinion survey research with social, economic and demographic analysis. The Social Trends team also works closely with other teams at the Center on research about Americans’ attitudes about race. Position Summary The Research Associate will be involved in all aspects of research related to social and demographic change, particularly as it relates to the changing American family, including assisting in the design and analysis of research and helping to write and review reports. The Research Associate is also responsible for helping to manage projects and field requests for information from the press, government officials, and other target audiences. This position requires substantial knowledge and skill in family demography, statistics, data analysis, and project management. The Research Associate will work integrally within a broader research team to ensure that data management and coding are carried out without errors and that data analysis and reports meet the highest standards of accuracy and impartiality. The Research Associate will also conduct background research, write research reports, produce charts and tables and fact-check research products. Primary Responsibilities Data Analysis and Research Design (40%) Conduct advanced analyses of large, complex government surveys and other datasets Help identify important timely research topics and develop research questions within the area of family demography for a general audience Develop research designs that are appropriate to project goals Analyze and assess key findings Prepare tables and charts Stay abreast of research related to trends in family demography Writing and Communication (30%) Write research reports and blog posts that distill complex findings for a general audience Respond to external and internal requests for information Present research findings to external audiences, including media Quality Control (20%) Check reports and other research products for accuracy, including checking numbers and statistical claims Project Planning and Management (10%) Map out project plans Allocate resources and staff time to best meet project objectives Set and adhere to deadlines and deliverables Keep colleagues and senior staff informed Education/Training/Experience B.A. required, advanced degree preferred; degree in the social sciences with a preference for sociology, demography, population studies, or related field. 5-9 years of research experience, with at least 3-5 years of specialized research and analysis experience expected. Often includes significant graduate training at the Ph.D. level or equivalent experience in an applied setting. Proven experience in undertaking research involving demographic data analysis, including using SPSS, Stata, R, or other statistical software Familiarity and experience with a range of statistical techniques, including multiple regression analysis Training or experience in studying social or demographic research related to the American family Experience in helping manage research projects, including working collaboratively with other researchers Knowledge and Skill Requirements Strong quantitative skills, including extensive experience with SPSS, R, Stata or other statistical tools Facility using syntax commands to carefully document analysis using log files Editorial judgment and proven ability to communicate research results clearly and concisely in both verbal and written form Attention to detail, including exacting standards to maintain accuracy and impartiality in all work products Demonstrated skills in project development and management Ability to work collaboratively and collegially with other team members, as well as with staff from other Pew Research Center teams and outside organizations Ability to balance multiple projects and meet tight deadlines while ensuring accuracy in data management, fact checking and research FLSA Status: Exempt A Research Associate position typically starts at $93,000 per year. Location:Pew Research Center staff are required to be present in the Center’s Washington, D.C., office two core days weekly (Tuesday, Wednesday). Staff may work virtually from remote locations on other days in a typical work week. Application procedure Click on the Apply button, and complete required fields. Both cover letter and resume are required. When requested, please upload a copy of your resume/cv, as well as a copy of your cover letter in the section labeled Resume/Cover Letter. If the documents have successfully uploaded, you should see 2 attached files beneath the “Drop files here” box. Please make sure you have uploaded a resume AND a cover letter before moving on to the next page. Total Rewards In addition to competitive pay, Pew Research Center’s employees enjoy a robust total rewards package that includes: Affordable, comprehensive health care that includes medical, dental (including adult orthodontia) and vision benefits.Generous paid annual leave plan, including a winter break between Dec. 25 and Jan. 1Employer-paid disability, life insurance and paid family leave plansUp to a 12% employer 401(k) contribution, with vesting at the end of the first year.A 37.5-hour workweek.Health savings or flexible spending account options with employer funding component.Flexibility to telework up to 60% for most staff."
3902754286,Actuarial Specialist,EMC Insurance Companies,actuarial science; database management systems; dies; lead others; morality; reinsurance; statistics; terminology,actuarial science; database management systems; dies; lead others; morality; reinsurance; statistics; terminology,,"At EMC, you'll put your skills to good use as an important member of our team. You can count on gaining valuable experience while contributing to the company's success. EMC strives to hire and retain the best people by engaging, developing and rewarding employees. Essential Functions Plans assigned pricing, reserving and/or modeling work streams and manages special projectsMakes recommendations based on analysis and communicates them with external departmentsPeer reviews work to maintain the integrity of the actuarial work product and outlines the timeframes in which the work is completedLeads and conducts independent research and analysisDevelops, maintains, enhances, and documents actuarial tools and techniques required for project or production workDevelops actuarial excel templates for each line of business and every state for the analysis of projectsIncorporates the latest techniques into pricing, reserving and/or modeling functionsServes as subject matter expert in pricing and reserving or predicative modeling for at least two lines of business or other technical actuarial area: Catastrophe Model, Economic Capital Model, or Assumed Reinsurance Education & Experience Bachelor’s degree in actuarial science or mathFive years of actuarial experience4-5 exams or equivalent relevant experienceAdditional experience, exams or graduate level coursework may be considered in meeting the requirements Knowledge, Skills & Abilities Excellent knowledge of statistics and probability and computer programmingProficiency in pricing and reserving, or predictive modeling for at least 2 lines of business or proficiency in other technical actuarial area of Catastrophe Model, Economic Capital Model, or Assumed Reinsurance.Thorough knowledge of actuarial terminology, concepts and theoryThorough knowledge of Excel, PowerPoint and PowerBI and WordThorough knowledge of at least one computer language, such as R, SAS or SQL preferredAbility to effectively lead a small team and special projectsStrong analytical, investigation and problem-solving abilities Our employment practices are in accordance with the laws that prohibit discrimination due to race, color, creed, sex, sexual orientation, gender identity, genetic information, religion, age, national origin or ancestry, physical or mental disability, medical condition, veteran status, active military status, citizenship status, marital status or any other consideration made unlawful by federal, state, or local laws. All of our locations are tobacco free including in company vehicles."
3894562458,"Cleaner, 2nd Shift",Cushman & Wakefield,computer assisted language learning; computer programming; customer service; electronic communication; move objects; office equipment,computer assisted language learning; computer programming; customer service; electronic communication; move objects; office equipment,,"Job Title Cleaner, 2nd Shift Job Description Summary The Porter cleans vacant units in preparation for marketing and occupancy and property common areas, office, and models units. The porter reports to Resident Manager and the Property Manager. They will work closely with the maintenance staff. Job Description ESSENTIAL JOB DUTIES: Cleans the property business office, restrooms, laundry rooms, model apartments and property common areas on a defined scheduleCleans vacant apartment units in preparation for showing and occupancyResponsible for the overall upkeep of the property landscape and the exterior image which includes cleaning of the driveways, parking lots, curbs, dumpster areas, exterior hallways, or any other public areas.Responsible for providing world class customer service by addressing the concerns and maintenance needs of our residents in a friendly and professional mannerReports any maintenance problems to the supervisorAssists with inventory controlPerforms job duties using safety guidelines and reports obstacles to be doing soPerforms other duties as assigned Competencies Knowledge of safe use of cleaning agents and equipment used to perform job dutiesExperience cleaning multifamily residential or commercial buildings preferredAble to follow directions and handle projectsAble to complete tasks on timeAble to follow all Cushman & Wakefield safety policies and procedures IMPORTANT EDUCATION High School Diploma, GED, Trade, Technical, or Vocational school Important Experience Some related experience WORK ENVIRONMENT This job operates in a professional office environment. This role routinely uses standard office equipment such as computers, phones, photocopiers, filing cabinets and fax machines. Regularly required to travel outside between properties in varying weather conditions. PHYSICAL DEMANDS The physical demands described here are representative of those that must be met by an employee to successfully perform the essential functions of this job. While performing the duties of this job, the employee may need to travel from floor to floor, climb stairs, and may be required to travel outside between buildings in varying outdoor weather conditions. The employee may also be regularly required to remain in a stationary position (sit or stand) for 85% of the time; regularly use hands to operate office machinery and regularly required to walk, talk, and hear. The employee must demonstrate the ability to exert up to 25 pounds occasionally, and/or up to 25 pounds frequently, and/or up to 25 pounds of force constantly to lift, carry, push, pull, or move objects. Other Duties This job description is not designed to cover or contain a comprehensive list of activities, duties or responsibilities that are required of the employee. Other duties, responsibilities and activities may change or be assigned at any time with or without notice. C&W Services is an Equal Opportunity / Affirmative Action employer. All qualified applicants will receive consideration for employment without regard to race, color, religion, sex, national origin, disability, sexual orientation, gender identity, protected veteran status or any other characteristic protected by law. In compliance with the Americans with Disabilities Act Amendments Act (ADAAA), if you have a disability and would like to request an accommodation in order to apply for a position at Cushman & Wakefield, please call the ADA line at 1-888-365-5406 or email HRServices@cushwake.com. Please refer to the job title and job location when you contact us."
3902808886,Position Control Associate,Metropolitan Transportation Authority,apply information security policies; communication; computer technology; cooperate with colleagues; data protection; database management systems; employment law; ethics; morality; python (computer programming); show entrepreneurial spirit; statistics,apply information security policies; communication; computer technology; cooperate with colleagues; data protection; database management systems; employment law; ethics; morality; python (computer programming); show entrepreneurial spirit; statistics,,"Description JOB TITLE: Position Control Associate SALARY RANGE: $70,000-$85,000 HAY POINTS: 291 DEPT/DIV: People Department SUPERVISOR: Senior Manager, Position Control LOCATION: 2 Broadway New York, NY 10004 HOURS OF WORK: 9:00 am - 5:30 pm (7 1/2 hours/day) SUMMARY: The Position Control Associate is integral to the HR Operations and Analytics team, focusing on managing and maintaining the accuracy of the organization's position data within the position control system. This role supports the implementation of strategic workforce planning and budget adherence by ensuring accurate position information across departments. Collaborating with HRBPs, Finance, Talent Acquisition, and department heads, the Associate ensures that position data supports organizational objectives and compliance. RESPONSIBILITIES: Position Data Management: Assist with the accurate and timely update of the position management system, including position creation, modification, and deactivation. Budget and Workforce Planning Support: Facilitate the alignment of position data with organizational budget constraints and workforce planning strategies, ensuring resource allocation meets strategic goals. Data Integrity and Compliance: Perform regular audits and validations of position data to maintain high data quality and ensure compliance with internal policies and external regulations. Reporting and Analytics: Support the development and distribution of reports related to position management, including vacancy rates, budget variances, and workforce analytics. Process Improvement: Identify opportunities for process enhancements in position control practices to increase efficiency and effectiveness. Stakeholder Communication: Serve as a point of contact for position control inquiries, providing timely and accurate information to internal stakeholders. Training and Development: Assist in the development and delivery of training sessions on position control processes and systems to internal stakeholders. Project Support: Participate in HR projects that involve position management, providing analytical support and data management expertise. Data Quality Assurance: Ensure the accuracy and completeness of position data across all systems by conducting regular data quality reviews and rectifications. Data Integration and Automation: Work on integrating position control data with other HR and organizational systems to streamline processes, reduce manual input, and enhance data consistency across platforms. Data Security and Privacy Compliance: Maintain the confidentiality and security of position data, ensuring compliance with data protection regulations and internal data governance policies. Other duties KNOWLEDGE, SKILLS, AND ABILITIES COMPETENCIES: Analytical Skills: Ability to analyze data for accurate position management and decision-making. Technical Proficiency: Skilled in HRIS for managing and reporting position data. Communication: Strong communication skills for clear articulation of position data and collaboration with stakeholders. Adaptability: Flexibility to adapt to organizational changes and workforce needs. Regulatory Awareness: Basic understanding of employment laws to ensure compliance in position management activities. Teamwork: Ability to work collaboratively with HR, Finance, and other departments to support position control processes. Problem-Solving: Effective at identifying and resolving issues related to position data and management. EDUCATION AND EXPERIENCE: REQUIRED: Bachelor's degree in Information Technology Management, Business Administration, Human Resources, Statistics, or a related field from an accredited college or an equivalent combination of education and experience. Minimum of 1 years of experience in HR operations, specifically in data management or position control, with an understanding of workforce planning principles. Proficiency in using HR Information Systems (HRIS), basic analytical skills, effective communication abilities, and a foundational knowledge of employment laws and regulations. PREFERRED: Master's degree in a related field Able to write and modify SQL, R, Python code Experience with PeopleSoft HCM ERP OTHER INFORMATION: Pursuant to the New York State Public Officers Law & the MTA Code of Ethics, all employees who hold a policymaking position must file an Annual Statement of Financial Disclosure (FDS) with the NYS Commission on Ethics and Lobbying in Government (the Commission). Equal Employment Opportunity MTA and its subsidiary and affiliated agencies are Equal Opportunity Employers, including with respect to veteran status and individuals with disabilities. The MTA encourages qualified applicants from diverse backgrounds, experiences, and abilities, including military service members, to apply."
3903874905,Onsite Support Technician,TEKsystems,communication; customer service; distributed directory information services; operating systems; troubleshoot,communication; customer service; distributed directory information services; operating systems; troubleshoot,,"Working 100% onsite in Kansas City MO ﻿Description TEKsystems is looking for an On-Site Support Technician for local client in Kansas City, MO. The successful candidate will have 2-3+ years of professional technical support experience. This position will be front line technical support including but not limited to technical troubleshooting, computer setup, computer verification, communication issues, Web-ex conference help, teleconferencing help and other technical issues an employee may have. This individual should have some previous experience working in a help desk environment including some experience with data management, and communication as well as managing and deploying images in SCCM. Responsibilities / Job Duties Active Directory knowledge Group Policy concepts Microsoft applications knowledge (Excel/Word/etc.) Basic network knowledge- the ability to discern between a user issue or site outage. Command line knowledge. Support printers and other IT peripherals Experience Troubleshooting Windows Client operating systems Ideally has some Dell hardware experience Very important for candidate to be a self-starter, motivated by opportunities to add value to his/her position within the company Secondary Skills Respond to all requests for technical assistance in person, via phone, or electronically. Answer Support Desk phone within 2-3 rings Track, route, document requests in Service Portal React to all users respectfully, courteously and professionally. Diagnose and resolve technical hardware and software issues using advanced technical methods if necessary. Research and resolve questions using available information resources. Follow standard help desk procedures and timelines. Continually monitor our help desk processes to ensure we are as efficient as possible. Redirect problems to appropriate resource. Identify and escalate situations requiring urgent attention. Track and maintain IT inventory/assets in Service Portal. Maintain a current knowledge of system information, changes and updates, including researching new/unique technology needs. Assess and complete Projects as assigned within determined Deadlines. Troubleshoot communication issues First line of teleconference help First line of Web-Ex help Responsibilities are not all inclusive and may change based on the need of the company. Requirements/Qualifications Attention to detail Problem solving skills Customer Service Quality Focus PC support knowledge Troubleshooting Skills Documentation Skills Listening and Phone Skills 2-3 years applicable experience Skills Desktop, Support, Windows, 7, XP, Help, Desk About TEKsystems We're partners in transformation. We help clients activate ideas and solutions to take advantage of a new world of opportunity. We are a team of 80,000 strong, working with over 6,000 clients, including 80% of the Fortune 500, across North America, Europe and Asia. As an industry leader in Full-Stack Technology Services, Talent Services, and real-world application, we work with progressive leaders to drive change. That's the power of true partnership. TEKsystems is an Allegis Group company. The company is an equal opportunity employer and will consider all applications without regards to race, sex, age, color, religion, national origin, veteran status, disability, sexual orientation, gender identity, genetic information or any characteristic protected by law."
3894585621,Chief Revenue Officer,Share Our Strength,acoustics; build trust; digital media; history; lead a team; lead others; plan; think creatively,acoustics; build trust; digital media; history; lead a team; lead others; plan; think creatively,,"Since 1984, Share Our Strength® has led the fight against hunger and poverty by inspiring and organizing individuals and businesses to share their strengths. Today, through the No Kid Hungry campaign, Share Our Strength is ending childhood hunger in America by ensuring all children get the healthy food they need. No child should go hungry in America – we’re on our way to making that a reality and we want you to join us. We’re bold, creative, always open to new ideas, and 100% dedicated to our mission. If that sounds like you, we’d like you to consider becoming part of our team. The CRO will be pivotal in securing financial support, cultivating donor relationships, and strategizing comprehensive fundraising initiatives to sustain and expand Share Our Strength's vital programs and impact. Additionally, the CRO will work with the executive leadership team to build Share Our Strength's reputation and increase awareness of their mission as a nonprofit leader. Location: Hybrid – 2 days a week in the Washington D.C. Office Duties and Responsibilities: Fundraising Strategy Development: Collaborate with the executive team to create and implement a robust and innovative fundraising strategy that aligns with Share Our Strength's mission and long-term objectives. Devise comprehensive plans to identify new funding opportunities, expand donor engagement, and diversify revenue streams.Major Gift Solicitation: Lead major gift initiatives, personally engaging in directly soliciting major donors. Cultivate strong relationships with individual philanthropists, corporations, foundations, and other potential benefactors.Donor Cultivation and Stewardship: Nurture and maintain relationships with current and prospective donors, ensuring a high level of donor engagement and personalized stewardship. Understand donors' interests, values, and motivations to tailor fundraising approaches effectively.Portfolio Management: Provide oversight and management of an existing, robust funder partnership portfolio. Lead a team of highly skilled account managers responsible for individuals, foundations and traditional corporate grants, events, employee volunteer engagements, and cause marketing.Revenue Team Leadership: Provide visionary leadership and guidance to the revenue team, fostering a collaborative and results-driven culture to continue to scale up Share Our Strength. Set ambitious fundraising targets and monitor progress toward achieving them.Partnerships and Collaborations: Identify and explore potential partnerships with corporations, foundations, and other non-profit organizations to advance Share Our Strength's mission and extend its reach. Qualifications: The ability to build trust with people from many backgrounds and to model an inclusive, welcoming culture.An enthusiastic openness to creative thinking and innovative approaches.Sophisticated and strategic analytical skills to assess and invest in the greatest areas of opportunity.A passionate and inspiring leadership style that engages others.At least 15 years of experience leading revenue-generating programs, including programs with diverse revenue platforms.Innovative leader with success in driving significant growth, identifying, and investing in innovative approaches, and leading teams through growth and change.Bachelor’s degree is required. Revenue Significant successful experience leading revenue generation operations of at least $50M.Demonstrated ability to design innovative approaches to revenue generation, and to build innovative partnerships and revenue-generating initiatives.Sophisticated understanding of the diversity of contemporary revenue-generating models across platforms, including direct response, digital media, personal outreach, and events.Understanding of, and experience with, the transformative potential of digital commercial and social venues for contemporary fundraising. Donors Significant success working with high-level and high-net-worth corporate officials and individual donors.Experience building long-term relationships with donors and corporate partners.Track record of securing six- and seven-figure major gifts and corporate agreements.Proven ability to identify and build innovative partnerships.Experience effectively leveraging the Board and Executive Team. Leadership Strong team management skills that foster collaboration, risk taking, experimentation, and accountability across teams to maximize outcomes.Experience leading large and complex organizations through growth and change. COMPREHENSIVE BENEFIT PLAN We offer a comprehensive benefits plan which currently includes, but is not limited to, health insurance, dental insurance, vision insurance, retirement, wellness benefits, and paid time off (vacation leave, sick leave, personal leave, holiday, parental leave, bereavement leave, military leave, and jury duty leave). DIVERSITY At Share Our Strength, we value an individual’s diversity of backgrounds, experiences, ideas and perspectives. A hallmark of our history, culture and values has been the organization’s desire to bring together motivated, intelligent, and talented people to work together to find and implement solutions to end hunger and poverty in the U.S. and abroad. We each come to Share Our Strength with a unique background, but together we form a team that yields amazing results. This shared value of encouraging and embracing diversity in our organization fosters a workplace and culture that is highlighted for its innovation, open expression of ideas, and collaboration. With a strong shared commitment to the organization’s mission, and a unique blend of individual strengths, we are all working toward ensuring that every individual can live a healthy and productive life."
3902945632,Registered Nurse (RN) Ambulatory Surgery Center Per Diem Day,RWJBarnabas Health,communication; community medicine; health care system; medicines; plan; report facts; robotics; think innovatively,communication; community medicine; health care system; medicines; plan; report facts; robotics; think innovatively,,"Req #: 0000148855 Category: Nursing Status: Per Diem Shift: Day Facility: Jersey City Medical Center Department: JCMC ASC 1 Location: Jersey City Medical Center, 355 Grand Street, Jersey CIty, NJ 07302 Job Overview Since 1882, Jersey City Medical Center has provided Hudson County with advanced, state-of-the-art medical treatment across various disciplines. Jersey City Medical Center, among many accolades, has earned 14 A national safety ratings from the Leapfrog Group since the program's inception in 2012, was awarded Magnet Recognition for superior nursing, was named Best Regional Hospital by US News and World Report and ranked among the 100 best places to work in healthcare (nationally). Jersey City Medical Center is also ideally located in the vibrant Jersey City waterfront community overlooking the harbor, just 10 minutes from New York City, with a grand view of the Statue of Liberty. Qualifications Required: ADN PACU/OR RN experienceStrong communication and organizational skillsProficient computer skills Preferred BSN Certifications And Licenses Required Active NJ RN license or compact RN license with NJ endorsementBLS from the American Heart AssociationACLSPALS Scheduling Requirements Day ShiftPer DiemScheduled as needed with a minimum requirement of 2 shifts a monthWill need to work 1 winter and 1 summer holiday Essential Functions The Registered Nurse provides nursing care in the health care system within the scope of practice defined by the Nurse Practice Act and regulatory standards and assures awareness of ethical standards of practice as defined by the ANA code of ethics.The Registered Nurse assures safety in practice and is inclusive of the principles of evidence-based practice by maintaining a realization of own individual level of knowledge and experience and assumes responsibility for advancing knowledge of self and others of the patient care team by communicating with and utilizing resource persons and programs available.The Registered Nurse is responsible for reporting identified safety issues such as hazardous environments (i.e. damaged floors/walls/ceiling tiles/unsecured areas) and medical errors. The Registered Nurse is responsible for knowledge of the patient population served. The Registered Nurse is responsible for supervising and directing the delegation of tasks to appropriate team members and collaborates with other patient care providers. The Registered Nurse is responsible for consistently setting and evaluating priorities through appropriate interventions with measurable outcomes toward improvement. The Registered Nurse is an individual practitioner and the interdisciplinary team manager, utilizes the nursing process to integrate all aspects of the provision of care and individualizes the plan of care to address a specific patient s needs. Other Duties Must be able to scrub and circulate in the following services: vascular, endovascular, neurovascular, neuro/spine, robotics, thoracic, trauma and general. Benefits And Perks At RWJBarnabas Health, our market-competitive Total Rewards package provides comprehensive benefits and resources to support our employees physical, emotional, social, and financial health. Paid Time Off (PTO) Medical and Prescription Drug InsuranceDental and Vision InsuranceRetirement PlansShort- & Long-Term DisabilityLife & Accidental Death InsuranceTuition ReimbursementHealth Care/Dependent Care Flexible Spending AccountsWellness ProgramsVoluntary Benefits (e.g., Pet Insurance)Discounts Through our Partners such as NJ Devils, NJ PAC, Verizon, and more! $50.00 Min to $68.00 Max Hourly Rate Let s shape the future of healthcare, together. Our competitive base rates offered will be dependent upon your relevant experience, education and skills. In addition to base salary, we offer excellent benefits, creating a competitive total rewards package to include health and welfare benefits, tuition reimbursement, retirement benefits, employee assistance programs, and many opportunities for professional and personal growth. Choosing RWJBarnabas Health! RWJBarnabas Health is the premier health care destination providing patient-centered, high-quality academic medicine in a compassionate and equitable manner, while delivering a best-in-class work experience to every member of the team. We honor and appreciate the privilege of creating and sustaining healthier communities, one person and one community at a time. As the leading academic health system in New Jersey, we advance innovative strategies in high-quality patient care, education, and research to address both the clinical and social determinants of health. RWJBarnabas Health aims to truly make a unique impact on local communities throughout New Jersey. From vastly improving the health of local residents to creating educational and career opportunities, this combination greatly benefits the state. We understand the growing and evolving needs of residents in New Jersey whether that be enhancing the coordination for treating complex health conditions or improving community health through local programs and education. Equal Opportunity Employer RWJBarnabas Health is an Equal Opportunity Employer"
3904416856,Auto Parts Coordinator,Caliber Collision,,,,"Service Center Portage Caliber Collision has an immediate job opening for an Auto Parts Coordinator to inspect, verify and distribute parts to workstations while confirming arrival and accuracy with Body Technician’s. The Parts Coordinator will also follow all guidelines in accordance with Caliber and OEM standards using our state-of-the-art equipment. Benefits Of Joining The Caliber Family Benefits from day one: When you join Caliber, you’ll become immediately eligible for medical, dental and vision.Industry Comparable Pay – Paid weekly and eligible for overtimePaid Vacation & Holidays – Begin accruing day 1Career growth opportunities – We promote from within!A career for life: You’ll gain hands-on experience within a production shop Requirements 1+ years of experience completing orders; vendor management preferredMust be at least 18 years of ageMust have a valid driver’s license and be eligible for coverage under our company insurance policyMust be able to pass all pre-employment screenings including background, criminal and MVR checks Abilites/Skills/Knowledge Ability to do consistent physical activity – reach below and above shoulder level, kneeling, bending, and squatting, and lifting objects over 50 lbs.Be able to understand instructions – written and verbalMust have the ability to read and understand instructions, written estimates, and work ordersCan prioritize competing tasks and adapt easily to a fast-paced environment Caliber is an Equal Opportunity Employer"
3886894023,Industrial Engineer,Revive Home Brands,customer service; lead others; lean manufacturing; total quality control,customer service; lead others; lean manufacturing; total quality control,,"Job SummaryWill assess, evaluate, and provide recommendations for improvements in relation to manufacturing quality, and production efficiency. This coach will use a variety of lean manufacturing tools and concepts to map all inputs and outputs of a defined process while working with department leaders to implement recommendations and drive change. This person will need to be able to establish strong cross-functional relationships quickly and have a passion for a positive customer and associate experience as well as lead the coaching efforts of servicing agents. Responsibilities Leadership/ SafetyLeads Six Sigma improvement process through leading, motivating, and influencing project teamsRepresents and encourages a continuous improvement culture within the site.Create developmental plans for associates by first identifying opportunities for their improvement.Communicates daily feedback and formal project reviews.Communicates effectively and respectfully with all levels of the company.Works closely with associates as a coach to help them improve and/ or add to skill set as needed for overall site efficiency.Trains high potential candidates on how to conduct an effective Kaizen event.Engages and influences 5S practices.Influences buy-in for safety by recognizing, adhering to, and including safety standards in continuous improvement projects and their implementation. Quality/ Delivery/ Cost Creates and executes processes to analyze opportunities and strengths of the department as well as individuals.Is a change agent in recommending solutions to improve quality, procedures, training, and coaching initiatives, and implements approved recommendations.Creates quality parameters within plans/projects to ensure accurate quality measurements and tools are implemented.Partners with Quality team to ensure timely and accurate remediation.Conducts effective Kaizen events that produce cost improvements quarter over quarter.Defines and oversees continuous improvement projects using the Lean Sigma DMAIC framework to eliminate re-work, provide cost savings, increase revenues, and increase customer satisfaction within the site. Qualifications4-year college degree from an accredited university in Industrial Engineering.Green belt certified required.Must have extensive knowledge of Mini-Tab or similar analysis softwareMust utilize all Lean Sigma tools2+ years of leadership experience"
3903450057,Unit Educator,The University of Kansas Health System,assume responsibility; lean manufacturing; manage time; pregnancy,assume responsibility; lean manufacturing; manage time; pregnancy,,"Position Title Unit Educator Bell Hospital Position Summary / Career Interest The Unit Educator is a unit leader and clinical nurse who collaborates with the health care team to ensure safe, effective, evidence-based and quality patient care. Supports the provision of patient care by working with the Nurse Manager(s) and Unit Coordinator(s) to provide strategies for floor coverage when needs arise. Responsibilities Collaborates with the health care team to ensure safe, effective, evidence-based and quality patient care.Supports the provision of patient care by working with the Nurse Manager(s) and Unit Coordinator(s) to provide strategies for floor coverage when needs arise.Actively mentors all staff (including weekend and night staff) in ongoing development of clinical competencies and professional behaviors and communication.Assesses unit and individual learning needs, considering generational and cultural differences.Implements alternative and varied teaching strategies to meet learner needs.Assures that processes are in place for documentation of orientation and other educational activities, and that employee files meet hospital and regulatory requirements.Facilitates ongoing unit education and professionalism through the provision of in-services and CEU opportunities, promoting national certification, and providing resources and support for the development of professional portfolios.Models evidence-based practice and participates in the development and review of policies and procedures.Organizes new employee orientation on unit by scheduling preceptors and times, intermittent follow-up, and providing oversight of orientation and competency of unit staff.Supports performance improvement initiatives and educates and facilitates performance improvement methodologies such as PDCA and small tests of change.Must be able to perform the professional, clinical and or technical competencies of the assigned unit or department.Note: These statements are intended to describe the essential functions of the job and are not intended to be an exhaustive list of all responsibilities. Skills and duties may vary dependent upon your department or unit. Other duties may be assigned as required. Required JOB REQUIREMENTS BLS Certification or obtained within 14 days of hire.Registered Nurse in the State of KansasBachelor's or Master's Degree in NursingBasic Cardiac Life Support - BLS or BCLS - American Heart AssociationLRN - RN Licensed Registered Nurse - State Nursing BoardAs a condition of your employment and continued employment with the health system, you are required to secure a Nurse Compact License (NCL) within 60 days of your date of hire. This will enable you to perform your job duties not only in Kansas, but other compact states. You will be responsible for any expenses you incur in securing this license, and must provide your manager with evidence of this license before the sixty-day period expires. If you fail to secure the NCL as required, you will be immediately removed from the work schedule and placed on an unpaid administrative leave, until we can understand the reasons for your non-compliance. Further failure to comply with the licensing requirement will result in your end of employment with the health system. Time Type Full time Job Requisition ID R-34389 We are an equal employment opportunity employer without regard to a person’s race, color, religion, sex (including pregnancy, gender identity and sexual orientation), national origin, ancestry, age (40 or older), disability, veteran status or genetic information. Need help finding the right job? We can recommend jobs specifically for you! Create a custom Job Alert by selecting criteria that suit your career interests."
3901948191,System Analyst,Insight Global,computer technology; cyber security; data protection; distributed directory information services; plan; troubleshoot,computer technology; cyber security; data protection; distributed directory information services; plan; troubleshoot,,"Must Haves:Bachelors degree 3+ years’ experience implementing, administering and advanced troubleshooting various systems involving Microsoft Client and Server products (Microsoft Configuration Manager, WSUS, Azure, Active Directory, Microsoft365)Data protection technologies (End point protection w/ EDR, system backups, DLP, virus/SPAM/malware etc.)Network Prevention technologies and security controls (Network Access Control (NAC), Security Information and Event Management (SIEM) and vulnerability management)Knowledge of cybersecurity methodologies including Intrusion Detection Systems (IDS) concepts, practices, and procedures. Plusses:Security backgroundCompTIA+Any security related certificates Day to Day: One of Insight Global’s clients is searching for a Systems Analyst to come on-site 5x/week in West Palm Beach. This position is responsible for end-to-end deployment of hardware and software solutions for the client’s information technology needs. Emphasis will be on researching, recommending, implementing, and documenting solutions to solve a variety of networking and security needs within the information systems environment. Benefits:Life insurance 3x the salaryShort- and long-term disabilityPension planFree medical, dental and vision insurance1 sick/vacation day per month – more you work it goes upDon’t use sick time 2/3 salary/hourly rate – up to 500 hours14 holidaysMerit every year – good year-end review you will receiveCost of living 5% - 8% (Merit/COL)457 plan– Non Matching"
3903830542,Systems Analyst - Patient Accounts,NYC Health + Hospitals,accounting; acute care; communication; electronic communication; fingerspelling; geriatrics; morality; plan; process data; public administration; rehabilitation; source (digital game creation systems),accounting; acute care; communication; electronic communication; fingerspelling; geriatrics; morality; plan; process data; public administration; rehabilitation; source (digital game creation systems),,"About NYC Health + Hospitals Carter is a leading, comprehensive specialty care hospital and nursing facility dedicated to providing quality medical, sub-acute, rehabilitative and long-term specialty services. We are committed to serving the New York City and surrounding communities while setting the example as a national leader in long-term and subacute care with centers of excellence in areas such as: geriatrics, rehabilitation and ventilator dependence. At NYC Health + Hospitals, our mission is to deliver high quality care health services, without exception. Every employee takes a person-centered approach that exemplifies the ICARE values (Integrity, Compassion, Accountability, Respect, and Excellence) through empathic communication and partnerships between all persons. Job Description Position Overview: Under direct supervision, conducts investigations to determine the ability of patients and their legally responsible relatives to pay medical charges; explores alternative sources for payment for medical services rendered; verification of authorization and requests initial authorization for custodial care services; communicates regularly and working collaboratively with Central Admission team for the six (6) Post-Acute care facilities in pre-screening of all admission referrals to receive a consent/approval acknowledgment before client admission to Post-Acute Care facilities to obtain maximization of hospital’s revenue; adheres to financial clearance standard work; perform other related work. Responsibilities Review the six (6) Post-Acute care facility ACB census received via email from Central Admission for verification of payer source; communicate with potential residents/patients/designated representative or social worker from referring facility as it relates to the insurance plan coverage with the understanding of involved deductibles, co-pays and co-insurance amount which resident/patient or their designated representative must pay the incurred bill from Primary insurance exhausted/non-covered date through discharge; if there is no secondary insurance involved to cover such expenses then quote facility daily rate and refer the client to speak with a financial counselor or billing manager on a financial agreement for private payment. Conduct verbal communication with HARP insured before being admitted to PAC facility to educate them of their insurance policy not covering custodial long-term placement and encouraging the process to request disenrollment/transition to Mainstream Medicaid Managed Care plan to cover for Long long-term care Placement in Post-Acute Care Facility Communicate with potential residents/patients/designated representative on Medicaid guidelines as it relates to Medicaid eligibility with monthly NAMI responsibility, Medicaid transfer rules with penalty period, Medicaid recertification, Medicaid excess resources with financial agreement, Medicaid recertification and compliance with supplying updated financial documentation every year to recertify of continue Medicaid eligibility Explain monthly NAMI responsibility based on monthly income and request immediate re-routing of monthly income (Social Security, annuity payments, etc.) Explaining the Long-Term Placement process (MAP-2159I) for our Medicaid Managed Care insured and initiating a request for custodial authorization PAC admission agreement will be explained to potential new residents/patients and encouraged to sign upon agreement of transfer to a Post-Acute Care Facility Explain if the resident/patient qualifies for Medicaid, the application will be submitted by the facility financial representative, and is requesting to furnish the full and completed documentation as required by the Medicaid office within a timely manner Encourage signing of RFMS form before Post-Acute Care admission Answer questions/concerns courteously, offer guidance and escalate issues as needed to the Patient Account manager and Director Provides training and in-service for existing employees and new hires, provides support to staff development and process improvement to enhance quality of work activity, and communicates strategic departmental goals Participates in revenue cycle service monthly meetings and ensures adequate records of activities and problems are maintained as appropriate Complete special projects as assigned by the Patient Accounts Manager and Director Perform other duties as assigned and assist in coverage in the areas related to obtaining authorizations. Minimum Qualifications A Baccalaureate Degree in a relevant field from an accredited college or university; and, One year of experience in business, government, hospital, educational institute or non-profit organization in analysis, development and implementation of systems, methods and procedures, management information development and data coordination. Familiarity with EDP applications and data processing programs; or, A Masters Degree in Management, Business Administration, Hospital Administration Management, Public Administration, Accounting or relevant field from an accredited college or university; or, A satisfactory combination of education, training and experience. How To Apply If you wish to apply for this position, please apply online by clicking the ""Apply Now"" button or go to employment.nychhc.org NYC Health and Hospitals offers a competitive benefits package that includes: Comprehensive Health Benefits for employees hired to work 20+ hrs. per week Retirement Savings and Pension Plans Loan Forgiveness Programs for eligible employees Paid Holidays and Vacation in accordance with employees' Collectively bargained contracts College tuition discounts and professional development opportunities Multiple employee discounts programs"
3902753974,Sales Engineering Manager,Abnormal Security,contact customers; cyber security; electronic communication; manage a team,contact customers; cyber security; electronic communication; manage a team,,"About This Role The SE Manager role is responsible for helping the day to day management of the existing SE team, bringing the best out of each individual, and making the team successful. You will oversee a team of Sales Engineers, with the goal of driving efficient technical win rates, while helping build systems, processes and procedures that help scale the organization. This is a remote role, preferably central or mountain time zone due to managing SEs and business in all US timezones. Responsibilities Manage a team of SEs to a high standard, while bringing out the best in eachManage day to day operations of SE Team (1 on 1s, escalations, coaching/mentoring, adherence to process)Recruit great SE talent as necessaryHelp build and improve systems, processes and artifacts to enable new hires to be productive quickly, and existing team members to be more effective/efficientConduct reviews of technical and soft skill capabilities to ensure SEs reach and maintain required technical knowledge and can effectively perform their pre-sales dutiesWork closely with the Product team to be a voice of the customer and help Product prioritize feature requests and future productsSupport sales campaigns in a player/coach roleEnsure the SE team supports sales campaigns, including: POV summary slide decks that demonstrate value, product demonstrations, account/opportunity qualification, competitive differentiations, and presenting Abnormal Security’s solution in the most credible and professional mannerProvide Sales presentations and product demonstrations for strategic accountsCollaborate with Sales management on sales process improvements Requirements / Competencies Minimum of 5 years SE leadership experienceProven track record of managing individuals and teams to high expectations & overachievement of goalsProven ability of scaling a team, including the creation of process, enablement artifacts and implementations of systems to track successStrong presentation skills and a good communicatorAbility to train a large team on best practicesProven self-starter with a motivated attitude to be able to manage multiple tasks, projects, and responsibilities simultaneouslyGood knowledge of cybersecurity and/or email security landscape (eg; MX Records, SPF/DKIM/DMARC, MTAs, Secure Email Gateways, SIEM, SOAR, endpoint tools)Great product intuition and ability to interface/communicate with customers and product team:Skilled at enterprise, consultative salesAdhere to our VOICE culture principles (https://abnormalsecurity.com/careers/our-culture/) You are metrics driven, challenge the norm, think outside the box and can thrive even in the midst of ambiguityStart-up experience a plus: Success at a company that was early stage, underdog or was a new entrant with large competitors or similar (limited resources)"
3904980895,Customer Service Representative,"Staffing Resource Group, Inc",communication; company policies; computer assisted language learning; computer programming; customer service; database; manage time; medical furniture; office equipment; terminology,communication; company policies; computer assisted language learning; computer programming; customer service; database; manage time; medical furniture; office equipment; terminology,,"Job Description Customer Service Representative SRG offers flexible staffing solutions with a national presence. We provide contract, contract-to-hire, direct hire and executive search services. SRG utilizes an innovative approach to identify and qualify talent that is unique to the Staffing industry, featuring a cutting-edge platform that allows us to rapidly and precisely match professionals to client requirements. We have a proprietary database of over one million candidates and maintain continuous contact with our qualified talent. Title: Customer Service Representative Location: Harahan, LA Industry: Healthcare Salary: $17-18.50/hr Schedule: Mon-Fri, 8am-5pm Employment Type: Project - length of time TBD - potential permanent position Summary: We are seeking a dedicated Customer Service Representative to join our team. In this position, you are responsible for performing all tasks and communication related to intake of patient information concerning the service of durable medical equipment and respiratory products and supplies with patients/clients, co-workers, and referral sources as it relates to patient services and third-party reimbursement. Responsibilities: Assists with updating respiratory gridClears previous day s route and checks all paperwork for accuracy and completenessCommunicates with patients/clients and referral sources both verbally and in writing to ensure patient/client questions and concerns are processed in a timely mannerCompletes SOPs/CMNs and documents on tracking logComplies with all applicable company policies and procedures to meet JCAHO and company standardsCoordinates all patient information, processes paperwork, including preparation of file for Billing Department, and completes batch reports for UPS deliveriesMaintains referral logMonitors office suppliesPrepares deposit for location on a weekly basisPrepares invoices for next day routesProcesses paperwork-confirms tickets, inputs new patient set-ups, and assembles chartsProvides service for all retail/walk-in equipment requestsProvides technical assistance to customersVerifies Medicare, Medicaid, and private insurance coverage informationWorks with outside agencies to resolve customer issuesMay be required to cover on call, drive a company vehicle and make deliveries to patient's homesPerforms other duties as assigned Job Requirements: High school diploma or GED equivalent, requiredExperience with medical equipment, preferredExperience with medical billing practices and of billing reimbursement, preferredExperience in medical field and administrative record management, preferredOne year of related work experience, preferredMedical terminology, preferred Physical Demands: Lift and carry office equipment at timesRequires contact with patients and equipment with potential exposure to contagious pathogensRequires sitting, walking, standing, talking and listeningRequires close vision to small print on computer and/or tablet and paperworkRequires lifting (minimum of 35 pounds) and transporting of patient equipmentMay be required to cover on call, drive a company vehicle and make deliveries to patient's homes ADA/EOE #Clearance IND123"
3903454737,Senior Security Administrator,"LanceSoft, Inc.",distributed directory information services; instruct others; operating systems; python (computer programming); solve problems; think creatively,distributed directory information services; instruct others; operating systems; python (computer programming); solve problems; think creatively,,"Supports the configuration compliance baseline program which scans for deviations from prescribed settings in technologies such as operating systems, middleware components, databases, and network appliances. Updates existing baseline documents annually or creates new baseline documents as required. Ensures baselines effectively secure key technologies by starting with CIS benchmarks and with subject matter experts to refine baselines. Configures scans within the scanning tool to match the approved baseline document. Ensures these scans run regularly and distributes the results to the technology personnel who will resolve deviations. Works with technology support partners and the scanning vendor to resolve any problems with the scanning tool. Reports on compliance adherence and spearheads governance efforts to ensure the technology personnel resolve the deviations on time, showing follow-up and escalation. Skill/Experience/Education: Solid working experience and knowledge of Unix operating systems, Windows OS and services to include domains/active directory/GPOs Understanding of databases, web technologies, and network devices Experience with vulnerability and/or configuration compliance scanners Strong verbal and written communications skills Intermediate competency with spreadsheets Intermediate competency writing scripts using python Able to write documentation Ability to identify and solve problems Able to organize meetings, and translate discussed decisions into actions Self-directing with sense of ownership Desired Skills: Ability to design and document processes Ability to teach others their area or responsibility"
3894893367,ADU Sales Specialist,Anchored Tiny Homes,communication; customer relationship management; think creatively; work independently,communication; customer relationship management; think creatively; work independently,,"******COMMISSION BASED POSITION- LEADS ARE DONE FOR YOU***** About Anchored Tiny Homes:Join our mission to revolutionize the housing industry with sustainable, innovative tiny home solutions. As an ADU Sales Specialist at Anchored Tiny Homes, you'll be at the forefront of providing eco-friendly housing options, making a lasting impact on communities and the environment. Role Overview:We are seeking a dynamic and experienced In-Home Sales Specialist to drive the sales of our Accessory Dwelling Units (ADUs) within the Atlanta area. This role involves direct, in-home interactions with potential clients, guiding them through the process of designing and purchasing their ideal ADU. With appointments booked on your behalf and a high OTE, this position offers an exciting opportunity for motivated sales professionals with a background in real estate or construction or home improvement services. Key Responsibilities:Conduct in-home sales presentations to potential clients, showcasing the value and benefits of our ADUs.Leverage pre-qualified leads and appointments set by our team, while also proactively mining your own network for additional opportunities.Build and maintain strong relationships with clients, ensuring their satisfaction and securing referrals.Collaborate with our design team to tailor ADU solutions to meet client needs.Travel within your assigned territory to conduct site visits and sales meetings (approximately 75% travel).Utilize our CRM system to manage leads, opportunities, and customer interactions effectively.Achieve and exceed sales targets and quotas, with the potential to earn between $125,000 and $200,000 annually. Qualifications:Minimum two years of in-person sales experience, preferably in real estate or construction or home improvement services.Proven track record of meeting and exceeding sales goals.Excellent communication and interpersonal skills, with the ability to engage clients effectively during in-home visits.Strong organizational and negotiation skills.Valid driver's license and personal vehicle for territory travel.Self-motivated with the ability to work independently and as part of a team.Availability to work weekends as needed. Why Join Anchored Tiny Homes?Uncapped earning potential with a high OTE.Pre-qualified leads and booked appointments provided.Opportunity to be part of a growing company in the sustainable housing industry.Make a positive impact on the environment and communities by promoting eco-friendly living solutions. Apply Now:If you're a driven sales professional with a passion for sustainable living and a background in real estate or construction, we want to hear from you. Join us at Anchored Tiny Homes and turn your sales expertise into meaningful success. App"
3901949150,Night Crew Full Time,Price Chopper Supermarkets-Market 32,company policies; customer service; fingerspelling; perform cleaning duties; pregnancy; process customer orders,company policies; customer service; fingerspelling; perform cleaning duties; pregnancy; process customer orders,,"Salary: $14.75- $18.00 Summary Provides fast, friendly, helpful and efficient service to all Price Chopper customers. Responsible for stocking grocery products, unloading trucks and ensuring that the aisles of the store are kept neat and clean. Responsible for meeting customer needs through providing well stocked and accurately priced merchandise to promote an optimal opportunity for sales. Essential Duties And Responsibilities Consistently work to provide fast, friendly, helpful and efficient customer service at all times. Responsible for smiling, making eye contact and thanking customer upon fulfilling customer's request. Maintain a neat, clean and organized workstation, according to 5S standards, at all times. Responsible for performing merchandising functions for the Grocery Department to include stocking product, pricing, signing, price changes and inventory checks. Return excess merchandise to Back Room area per corporate guidelines. Responsible for unloading merchandise from trucks. Stock products throughout the retail unit according to company procedures. Must follow all company standards regarding sanitation (i.e.: floors, shelves, and back room area). May be required to process customer orders as business needs dictate. Retrieve shopping carts and return them to designated areas. Control shrink through adherence to related policies and procedures. Perform other related duties as assigned by management and adhere to all company policies and procedures. Minimum Qualifications Must be at least 18 years of age. Education And Experience NA Physical Requirements OTHER PHYSICAL REQUIREMENTS EQUIPMENT USED Price Chopper/ Market 32 and the Golub Corporation does not discriminate against individuals on the basis of race, color, national origin, religion, sex, affection or sexual orientation, disability, age, marital status, liability for military service, status as a veteran, gender identity or expression, genetic information, pregnancy, and any other characteristic protected by applicable federal, state, or local laws. Should your hours and availability better fit the needs of another store or desired shift, we may consider your application for another location or shift. We may also keep your information on file for further review should the location or hours not be a fit for either the store or your stated availability. Nearest Major Market: Scranton Nearest Secondary Market: Wilkes Barre"
3904361559,Intern,Cintas,assertiveness; communication; customer service; first aid; manage time; office administration; perform cleaning duties; plan; use word processing software,assertiveness; communication; customer service; first aid; manage time; office administration; perform cleaning duties; plan; use word processing software,,"Requisition Number: 171432 Job Description Cintas is seeking an Intern to participate in a program designed to provide comprehensive knowledge across all areas of our business, as well as the professional services industry. The goal is to expose the Intern to our different departments. The Intern experience combines hands-on training with the opportunity to interact with multiple departments in order to develop stronger leadership, organization, communication and time management skills. Skills/Qualifications Required High School Diploma or GEDCurrently pursuing a Bachelor's degree Preferred Other co-op or internship experience in a Customer Service, Sales, Production or Administrative roleA business or otherwise related academic majorProficiency with Microsoft Office (Word, Excel, Project, Outlook) and intranet/internetA leadership/management role in campus or related extracurricular activitiesAvailability to start within two weeks after offer made/accepted Cintas offers comprehensive and competitive medical, dental and vision benefits, featuring employee health care premiums that are 30% lower than the national average for our industry. One of our medical plan options is even offered at zero cost to our partners. Additionally, Our Employee-partners Enjoy Competitive Pay 401(k)/Profit Sharing/Employee Stock Ownership Program Disability and Life Insurance Packages Paid Time Off and Holidays Career Advancement Opportunities Headquartered in Cincinnati, Cintas is a publicly held company traded over the Nasdaq Global Select Market under the symbol CTAS and is a component of both the Standard & Poor’s 500 Index and Nasdaq-100 Index. Cintas Corporation helps more than 900,000 businesses of all types and sizes get READY™ to open their doors with confidence every day by providing a wide range of products and services that enhance our customers’ image and help keep their facilities and employees clean, safe and looking their best. With products and services including uniforms, mats, mops, restroom supplies, first aid and safety products, fire extinguishers and testing, and safety and compliance training, Cintas helps customers get Ready for the Workday®. To support our growth across North America, we’re seeking driven professionals with ambition to move up within our company. Our professional culture, our dedication to our employee-partners and limitless career opportunities—these are just a few benefits we’re proud to offer. Our employee-partners know every job is critical, and that teamwork drives innovation. Let’s talk about how you’ll fit into our team and how your hard work will be recognized through competitive pay, world-class benefits and ongoing career development. Are you Ready™ for limitless opportunities at Cintas? Cintas Corporation is an EEO/Affirmative Action Employer and will make all employment-related decisions without regard to race, color, religion, sex, sexual orientation, gender identity, national origin, disability or protected veteran status. Job Category: Office Administration Organization: Rental Employee Status: Regular Schedule: Full Time Shift: 1st Shift"
3894878372,Deep Learning/GenAI Systems Engineer,Qualcomm,algorithms; computer assisted language learning; computer science; deep learning; internet of things; machine learning; mentor individuals; microprocessors; robotics; think creatively,algorithms; computer assisted language learning; computer science; deep learning; internet of things; machine learning; mentor individuals; microprocessors; robotics; think creatively,,"Company Qualcomm Technologies, Inc. Job Area Engineering Group, Engineering Group > Machine Learning Engineering General Summary Qualcomm AI Research is looking for world-class algorithm engineers in general domain machine learning, especially deep learning, generative AI, LLM, LVM. Come join a high-caliber team of engineers building advanced machine learning technology, best-in-class solutions, and user friendly model optimization tools such as Qualcomm Innovation Center’s AI Model Efficiency Toolkit (https://github.com/quic/aimet) to enable state-of-the-art networks to run on devices with limited power, memory, and computation. Members of our team enjoy the opportunity to participate in cutting edge research while simultaneously contributing technology that will be deployed worldwide in our industry-leading devices. You will be part of a multi-disciplinary talented team working on on-device generative AI optimization. Collaborate in a cross-functional environment spanning hardware, software and systems. See your design in action on industry-leading chips embedded in the next generation of smartphones, autonomous vehicles, robotics, and IOT devices. Minimum Qualifications Bachelor's degree in Computer Science, Engineering, Information Systems, or related field and 4+ years of Hardware Engineering, Software Engineering, Systems Engineering, or related work experience. OR Master's degree in Computer Science, Engineering, Information Systems, or related field and 3+ years of Hardware Engineering, Software Engineering, Systems Engineering, or related work experience. OR PhD in Computer Science, Engineering, Information Systems, or related field and 2+ years of Hardware Engineering, Software Engineering, Systems Engineering, or related work experience. The R&D work responsibility for this position focuses on the following: Algorithms research and development in the area of Generative AI, LVM, LLM, Multi-modalityEfficient inference algorithms research and development, e.g. batching, KV caching, efficient attentions, long context, speculative decodingAdvanced quantization algorithms research and development for complex generative models, e.g., gradient/non-gradient based optimization, equivalent/non-equivalent transformation, automatic mixed precision, hardware in loopModel compression, lossy or lossless, structural and neural searchOptimization based learning and learning based optimizationGenerative AI system prototypingApply solutions toward system innovations for model efficiency advancement on device as well as in the cloudPython, Pytorch programmer Preferred Qualifications Master's degree in Computer Science, Engineering, Information Systems, or related field. PHD's degree is preferred.2+ years of experience with Machine Learning algorithms or systems engineering or related work experience Although this role has some expected minor physical activity, this should not deter otherwise qualified applicants from applying. If you are an individual with a physical or mental disability and need an accommodation during the application/hiring process, please call Qualcomm’s toll-free number found here for assistance. Qualcomm will provide reasonable accommodations, upon request, to support individuals with disabilities as part of our ongoing efforts to create an accessible workplace. Qualcomm is an equal opportunity employer and supports workforce diversity. To all Staffing and Recruiting Agencies: Our Careers Site is only for individuals seeking a job at Qualcomm. Staffing and recruiting agencies and individuals being represented by an agency are not authorized to use this site or to submit profiles, applications or resumes, and any such submissions will be considered unsolicited. Qualcomm does not accept unsolicited resumes or applications from agencies. Please do not forward resumes to our jobs alias, Qualcomm employees or any other company location. Qualcomm is not responsible for any fees related to unsolicited resumes/applications. EEO Employer: Qualcomm is an equal opportunity employer; all qualified applicants will receive consideration for employment without regard to race, color, religion, sex, sexual orientation, gender identity, national origin, disability, Veteran status, or any other protected classification. Qualcomm expects its employees to abide by all applicable policies and procedures, including but not limited to security and other requirements regarding protection of Company confidential information and other confidential and/or proprietary information, to the extent those requirements are permissible under applicable law. Pay Range $148,500.00 - $222,500.00 The above pay scale reflects the broad, minimum to maximum, pay scale for this job code for the location for which it has been posted. Even more importantly, please note that salary is only one component of total compensation at Qualcomm. We also offer a competitive annual discretionary bonus program and opportunity for annual RSU grants (employees on sales-incentive plans are not eligible for our annual bonus). In addition, our highly competitive benefits package is designed to support your success at work, at home, and at play. Your recruiter will be happy to discuss all that Qualcomm has to offer! If you would like more information about this role, please contact Qualcomm Careers. 3060985"
3884855416,Teller - Part Time,STCU,acoustics; communication; customer service; morality,acoustics; communication; customer service; morality,,"Company Description STCU is consistently rated one of the top-performing credit unions in the nation, and has been named one of Fortune Magazine’s Great Places to Work. We look for employees who have a strong desire to serve others, are lifelong learners, are committed to working hard, have a fun-loving attitude, and who want to make a difference in our members’ lives. We love people who share our core values: Joyfulness, generosity, belonging, goodness, and striving. We believe in being a force for good in the community, while helping members achieve their financial goals and dreams. STCU offers excellent benefits: Paid time off—plus 11 paid holidays!Medical, dental, vision and life insurance Training and career developmentSuccess sharing plan401(k) matching contributionsTuition reimbursement An Overview Of The Benefits Can Be Found Here. Salary range: $20.02 - $28.02 per hour Job Description This is a part-time position* The Teller position will engage in serving members accurately and efficiently with stated and unstated needs while providing unparalleled service with financial direction, offering appropriate products, and service referrals. Core Job Requirements/Outcomes Protect the integrity and confidentiality of our membership by identifying members/account ownership to ensure proper access is upheld. Perform transactional duties to serve members with high accuracy in accordance with credit union policies and procedures as well as adhering to STCU’s balancing standards and proper dual control.Deepen member relationships by presenting and explaining credit union products and services to members that meet the members financial needs through positive interactions.Exceed service expectations by creating unparalleled member experiences and excellence with every interaction, taking ownership of issues and challenges, increasing member loyalty, and delivering on our Here for Good brand promise. Other Essential Functions Maintain an up-to-date and comprehensive knowledge of all credit union products and services to deepen member relationships.Responsible for learning the core skills of the position, along with continuously learning, staying current on regulatory, policy and procedure changes.Proactively and efficiently resolve issues/problems with member accounts. Qualifications Education: High school diploma or equivalent required. Job Experience: Minimum six months customer service in a retail or customer service environment with recent cash handling experience. Software Skills: Proficient knowledge of MS Office programs including Outlook, Word, Excel and Teams. Physical Demands: Must be able to regularly talk, hear and operate a computer, keyboard and mouse and occasionally lift, pull/push and carry up to 25 pounds with accommodations. Work Conditions: Exposure to constant or intermittent sounds at a low or moderate level consistent with an office setting. Exposure to high-stress, fast-paced, deadline-oriented environment. Travel Demands: May be asked to travel to other STCU locations. Additional Information Please review our website for more information at stcu.org/careers."
3898164070,Industrial Piping Superintendant,PIC-Precision Industrial,blueprints; casting processes; communication; detect bottlenecks; domestic cooling systems; fertiliser catalysts; iron textiles; manage time; manufacturing plant equipment; operate welding equipment; plan,blueprints; casting processes; communication; detect bottlenecks; domestic cooling systems; fertiliser catalysts; iron textiles; manage time; manufacturing plant equipment; operate welding equipment; plan,,"PIPE SUPERINTENDENTPrecision Industrial Contractors, Inc. is seeking a Pipe Superintendent for immediate hire. This is a traveling position, PIC works coast to coast across the United States and Canada You are a fit if you: Have excellent leadership skillsPossess a good attitudeAbility to create a daily schedule and follow a planPossess excellent communication skillsAdvanced problem solving skills Requirements and Responsibilities:Oversees the daily construction activities at a work siteResponsible for safety, scope, budget, and schedule and the overall progress of the project, as well as the scheduling of workers and the delivery of equipment and materialsWorks with contractors to complete project within the given budget and time frameResolves contract disputes and arranges any necessary order changesFamiliar with a variety of the field's concepts, practices, and proceduresRelies on experience and judgment to plan and accomplish goalsPerforms a variety of tasksLeads and directs the work of othersLays out, assembles, installs, and maintains pipe systems, pipe supports, and related hydraulic and pneumatic equipment for steam, hot water, heating, cooling, lubricating, sprinkling, and industrial production and processing systems, applying knowledge of system operation, and following blueprints: Selects type and size of pipe, and related materials and equipment, such as supports, hangers, and hydraulic cylinders, according to specificationsInspects work site to determine presence of obstructions and to ascertain that holes cut for pipe will not cause structural weaknessCuts pipe, using saws, pipe cutter, hammer and chisel, cutting torch, and pipe cutting machineThreads pipe, using pipe threading machineBends pipe, using pipe bending tools and pipe bending machineAssembles and installs variety of metal and nonmetal pipes, tubes, and fittings, including iron, steel, copper, and plasticConnects pipes, using threaded, caulked, soldered, brazed, fused, or cemented joints, and hand toolsSecures pipes to structure with brackets, clamps, and hangers, using hand tools and power toolsInstalls and maintains hydraulic and pneumatic components of machines and equipment, such as pumps and cylindersInstalls and maintains refrigeration and air-conditioning systems, including compressors, pumps, meters, pneumatic and hydraulic controls, and pipingMay weld pipe supports to structural steel membersMay observe production machines in assigned area of manufacturing facility to detect machinery malfunctionsMay modify programs of automated machinery, such as robots and conveyors, to change motion and speed of machine, using teach pendant, control panel, or keyboard and display screen of robot controller and programmable controllerMay be designated Steam Fitter when installing piping systems that must withstand high pressureMay be designated according to type of system installed as Pipe Fitter, Ammonia; Pipe Fitter, Fire-Sprinkler Systems; Pipe Fitter, Gas Pipe; or type of piping used as Pipe Fitter, Plastic Pipe; Pipe Fitter, Soft CopperQualifications, Education, and Experience:High School diploma or equivalentMust pass an in house 6G weld testPreferred: AWS, WABO, etc. 6G CertificationOSHA 30 certification – If you do not hold this certificate, you will be required to attain it as part of your initial trainingLook at flat drawings or pictures and visualize how they would look as solid objectsWork at heights without fearMust pass a pre-employment drug screenAdditional Qualifications:Must pass a pre-employment drug screenBenefits:Competitive wage, DOE401k plan, match up to 3%Employee Paid Regence Blue Shield Medical, Dental, Vision, EAPSix Paid HolidaysPTO"
3889111614,Laboratory Technical Consultant Senior - Outpatient Lab,CHRISTUS Health,application process; manage time; medical laboratory technology; perform laboratory tests; provide technical expertise; troubleshoot,application process; manage time; medical laboratory technology; perform laboratory tests; provide technical expertise; troubleshoot,,"Description Summary: Provides Laboratory technical consulting for the CHRISTUS Clinics laboratory testing sites (Physician clinics, designated hospitals & designated CHRISTUS Point of Care locations). This includes monitoring of quality control, Performance Improvement, proficiency testing, and competency assessments for all lab and non-lab testing personnel. Writes and updates policies for new and existing procedures. Performs all procedures and educates laboratory testing personnel according to recognized laboratory standards with emphasis on age specific standards as associated with job-related policies and procedures. Has the responsibility of assuring that personnel at designated testing sites performing laboratory procedures meet CLIA, Joint Commission, and CHRISTUS guidelines for testing. Assures that laboratory testing personnel are following OSHA and TMFHC mandated safety guidelines. Must be able to travel to all CHRISTUS testing sites. Performs laboratory testing in competency assessed sections of the Laboratory. Responsibilities Meets expectations of the applicable OneCHRISTUS Competencies: Leader of Self, Leader of Others, or Leader of Leaders.Performs/monitors training, orientating and educating of clinic/testing personnel in laboratory policies, procedures, testing methods; performs competency assessment for personnel on an as needed and on an annual basisMonitors quality control; monitors and develops Performance Improvement projects; monitors and provides corrective action for proficiency for all sitesProvides technical oversite for instrument calibration and maintenance; provides troubleshooting and assistance as neededDevelops policies and implements procedures for clinic laboratory testing, and assures that clinic personnel are performing quality laboratory testing and are following all required policies and procedures for CLIA, Joint Commission, TMFHC regulationsOversees correlation of test methods, verifies accuracy, precision, sensitivity, specificity, reportable, and reference rangesDevelops new policies and procedures; updates testing manuals a minimum of an annual basisPerforms on-site visits to the clinic/affiliated hospital laboratories and testing sites on an established basisAttends and participates in Laboratory supervisory and staff meetingsInstructs Lab ClassesMonitors and enforces safety practices of ancillary testing personnel and clinic testing personnelStaff Technologist: performs procedures, tasks, and job duties delineated in the Medical Technologist job description for those sections in which competency is maintainedReview of critical and abnormal values for all regional laboratoriesPerforms special projects as assigned by laboratory director; other duties as assigned Requirements Associate Degree or higher in clinical laboratory science or medical laboratory technology from an accredited institution or equivalent laboratory training and experience meeting the requirements defined in the CLIA regulation 42CFR493.1489 required.3 years of full-time primary laboratory experience as a Medical Laboratory Technician (MLT) in moderate/high complexity testing for the specific section/area of responsibility required.5 years of full-time primary laboratory experience as a Medical Laboratory Technician (MLT) in moderate/high complexity testing for the specific section/area of responsibility preferred.Must possess Certification for MLT from ASCP, AMT, AAB, or HEW/HHS.If certification with an expiration date is held, the certification must be maintained and kept current. Work Schedule TBD Work Type Full Time EEO is the law - click below for more information: https://www.eeoc.gov/sites/default/files/2023-06/22-088_EEOC_KnowYourRights6.12ScreenRdr.pdf We endeavor to make this site accessible to any and all users. If you would like to contact us regarding the accessibility of our website or need assistance completing the application process, please contact us at (844) 257-6925."
3901656082,Project Manager,Cloud and Things,cyber security; lead others; report facts; solve problems; think creatively,cyber security; lead others; report facts; solve problems; think creatively,,"Our goal is to solve problems and deliver results for our clients. At Cloud and Things, you can be a part of the transformation of the public sector’s IT environment. Our team is on the forefront of helping to solve the government’s most complex IT challenges. If you are seeking a role that offers you the opportunity to work on rewarding projects, consider a career with Cloud and Things. Overview We are seeking a Project Manager to join our team for a Microsoft Azure Environmant Information Security and Architecture Assesment project. In this role you will work as a Project Manager to lead the evaluation of the clients chosen cloud design, with a security assessment and recommendations for improvement. The evaluation will include Infrastructure as a Service (IaaS). Tasks Document any gaps and recommend improvements to ongoing processes for the maintenance and security in the environment. These improvements may include updates to design, processes, management of the environment, and automation opportunities.Provide a detailed report documenting recommended best practice improvements for the security and architecture of the environment.Provide a detailed report documenting the overall assessment of the Microsoft Azure environment security and governance. Required At least five years of experience with cloud related projects with the following responsibilities:Ensuring project goals and requirements aremet.Conducting project meetings to update clientleadership on progress.Drafting and submitting status reports to clientleadership.Project Management Professional Certification (PMP) or equivalent. Cloud and Things complies with all applicable federal, state, and local laws regarding recruitment and hiring. All qualified applicants are considered for employment without regard protected veteran status, or any other category protected by applicable federal, state, or local laws. to race, color, religion, sex, sexual orientation, gender identity, national origin, age, disability, protected veteran status, or any other category protected by applicable federal, state, or local laws."
3902867009,Head of Product Partnership and Issuer Advocacy,Worldpay,communication; computer programming; cooperate with colleagues; develop strategy to solve problems; lead others; statistics,communication; computer programming; cooperate with colleagues; develop strategy to solve problems; lead others; statistics,,"Position Type Full time Type Of Hire Experienced (relevant combo of work and education) Education Desired Bachelor of Commerce/Business Travel Percentage 15 - 25% Job Description Job Description We are seeking a highly skilled and experienced individual to assume the role of Head of Product Partnership & Issuer Advocacy. This position is key in driving strategic relationships with card issuers and partners, ensuring excellence in payment performance, and fostering innovation to benefit our merchant community. The successful candidate will demonstrate a track record of success in partnership management, strategic thinking, and team leadership. Required Experience And Skills Bachelor’s degree in business administration, marketing, or related field Minimum of 10-years of proven experience in partnership management, sales, or business development roles, preferably within the payments industry Proven track record of building and maintaining strategic partnerships with card issuers and key industry partners Strong leadership and team management skills, with a demonstrated ability to lead cross-functional teams and drive results Excellent communication and negotiation skills, with the ability to influence at all levels of the organization Strategic thinker with the ability to develop and execute on partnership strategies that drive business growth. Strong problem-solving skills and ability to analyze customer pipelines effectively Experience in managing complex, high-value partnerships and driving revenue growth through partnership initiatives Proven ability to work collaboratively with internal and external stakeholders to achieve common goals Ability to thrive in a fast-paced environment and manage multiple priorities effectively Proficiency in data analysis and curating actionable insights Key Responsibilities Actively establish new relationships with card issuers and partners, including Payment Orchestration partners. Create foundational collaborations for future opportunities for WorldPay merchants Provide quick resolutions and support when payments fail, ensuring timely responses and maintaining partner satisfaction. Collaborate with merchants and WorldPay to jointly address issues, fostering customer loyalty Facilitate clear and effective communication between the company and its partners, minimizing misunderstandings on payment processes and risk-based decisions Contribute to the development of stronger, more strategic partnerships, creating a competitive advantage in the marketplace. Foster innovation and co-creation of product features that benefit the ecosystem, particularly merchants. Develop growth plans ensuring mutual growth, such as enabling new sales channels and revenue-sharing agreements Generate leads and develop KPI dashboards for Executive leadership. Refine sales collateral and best practices, ensuring external documentation is professional and current. Enhance and maintain the standard Business Review template and create step-by-step processes with internal partners Assist Client Managers with unique or complex customer needs and undertake special projects as needed If you possess these qualifications and are ready to take on a leadership role in shaping the future of payments, we encourage you to apply for this exciting opportunity. FIS is committed to providing its employees with an exciting career opportunity and competitive compensation. The pay range for this full-time position is $168,540.00 - $283,160.00 and reflects the minimum and maximum target for new hire salaries for this position based on the posted role, level, and location. Within the range, actual individual starting pay is determined additional factors, including job-related skills, experience, and relevant education or training. Any changes in work location will also impact actual individual starting pay. Please consult with your recruiter about the specific salary range for your preferred location during the hiring process. Privacy Statement FIS is committed to protecting the privacy and security of all personal information that we process in order to provide services to our clients. For specific information on how FIS protects personal information online, please see the Online Privacy Notice . EEOC Statement FIS is an equal opportunity employer. We evaluate qualified applicants without regard to race, color, religion, sex, sexual orientation, gender identity, marital status, genetic information, national origin, disability, veteran status, and other protected characteristics. The EEO is the Law poster is available here supplement document available here For positions located in the US, the following conditions apply. If you are made a conditional offer of employment, you will be required to undergo a drug test. ADA Disclaimer~ In developing this job description care was taken to include all competencies needed to successfully perform in this position. However, for Americans with Disabilities Act (ADA) purposes, the essential functions of the job may or may not have been described for purposes of ADA reasonable accommodation. All reasonable accommodation requests will be reviewed and evaluated on a case-by-case basis. Sourcing Model Recruitment at FIS works primarily on a direct sourcing model; a relatively small portion of our hiring is through recruitment agencies. FIS does not accept resumes from recruitment agencies which are not on the preferred supplier list and is not responsible for any related fees for resumes submitted to job postings, our employees, or any other part of our company. #pridepass"
3889105045,Business Intelligence Specialist,Allied OneSource,business intelligence; data warehouse; database management systems; ict project management methodologies; perform warehousing operations; spark,business intelligence; data warehouse; database management systems; ict project management methodologies; perform warehousing operations; spark,,"Ditch the cubicle, grab your laptop, and join us in building the future of data-driven solutions for clients. This role is for those who crave impactful contributions, love collaborating with clients, and want to see their data magic spark real-world change. Join our agile team as a Business Intelligence Specialist and become the data whisperer for clients. This remote role combines technical expertise with customer focus, empowering you to translate complex data into impactful insights that drive success. Please note, we are not able to provide subcontracting or sponsorship for this role. Duties: Architect and implement Looker reports for our clients, using your BigQuery mastery to build captivating dashboards and reports that unlock hidden potential. Partner with our clients directly, translating their needs into data-driven solutions and fostering strong relationships as a trusted advisor. Embrace a collaborative spirit, working alongside developers, project managers, and clients to turn ideas into realities. Level up your career in a high-growth environment, with endless opportunities for advancement within our organization's diverse product portfolio. Qualifications: 3+ years of BI experience, with a passion for transforming data into actionable stories. 2+ years of customer-facing experience, thriving in collaborative and consultative environments. Cloud architecture expertise, coupled with Looker mastery and fluency in LookML. Expert in SQL query tuning and proficient in data warehouse concepts. Salary: $75.000 - $95,000 AW"
3903478199,"Retail Sales Specialist - $20.00 per hour, plus commission and incentives!",Spectrum,english; history; lead others; pricing strategies; trademarks,english; history; lead others; pricing strategies; trademarks,,"LOCATION : 96814 - Ala Moana AT A GLANCE: Our specialists earn an hourly base pay of $20.00 along with lucrative commission and incentives for targeted hourly earnings of $25.40/hour or $52,832.00 annually. Top performers in this role are earning $65,000.00. You may also qualify for free internet, TV, and phone services (restrictions do apply).This role is a full-time, entry to mid-level retail sales role, focusing on wireless, TV, and internet products in the communications and entertainment technology space. Advancement potential and generous commission opportunities are available.Our Retail Sales Specialists are organized, digitally savvy communicators with a competitive spirit eager to learn and grow. A results-driven achiever comfortable in a busy retail sales environment. Wireless sales experience preferred. About Us Spectrum is America’s fastest-growing TV, internet, and voice provider. Our organization is one filled with a diverse group of hardworking people. They’re committed to helping us grow, and we’re committed to growing with them because making sure everyone reaches their full potential is a key part of our mission. Our extensive training program, competitive base salary, and generous commission structure provides the foundation you need to be a successful salesperson. Meeting and exceeding sales goals while delivering service solutions to our customers - it’s a win-win. It’s All About Learning And Growing Whether this is a new road for you or you are an experienced sales professional, the journey is all mapped out. With plenty of dedicated peer and leadership support, our fully paid training programs shape new Retail Sales Specialists into quick-thinking professionals. We can bring you up to speed on Spectrum’s full line of products – and our competitors’ products – in about a month, including telephone, data, wireless, and video services. As products are updated, so are you, so you can pass that knowledge on to your customers. WITH A DELIBERATE PATH TO SUCCESS We know that the best people to lead are those who have been down the same road before. Most of our managers started as Retail Sales Specialists themselves, proving that career advancement is a very real and achievable goal. Peer-to-peer mentoring and regular coaching sessions ensure you feel supported and have everything you need to succeed. Get started at a Fortune 100 company and see how far you can go. WHAT ARE OUR EXPECTATIONS? Meet or exceed monthly sales goals, including wireless sales Ensure a great customer experienceEducate and engage customers through product demonstrationsBe a team player (because we spend way too much time together)Know your stuff - maintain strong knowledge of all TV, internet, and wireless products, pricing plans, promotions, and service features for Spectrum, as well as our competitors What’s required to get started? Thrive in a fast-paced team environmentRead, write and speak the English language to effectively communicate with employees, customers, and suppliers in person, on the phone, and by written communications Lifting up to 35 lbs.Standing for prolonged periods of timeWearing a required uniformHigh School Diploma or equivalent Preferred Experience Sales Experience: 1 - 5 yearsKnowledge of latest technology and devicesCommissioned sales experienceRetail sales or wireless salesValid driver's license SRL213 2024-32245 2024 Here, employees don’t just have jobs, they build careers. That’s why we believe in offering a comprehensive pay and benefits package that rewards employees for their contributions to our success, supports all aspects of their well-being, and delivers real value at every stage of life. A qualified applicant’s criminal history, if any, will be considered in a manner consistent with applicable laws, including local ordinances. Get to Know Us Charter Communications is known in the United States by our Spectrum brands, including: Spectrum Internet®, TV, Mobile and Voice, Spectrum Networks, Spectrum Enterprise and Spectrum Reach. When you join us, you’re joining a strong community of more than 100,000 individuals working together to serve more than 32 million customers in 41 states and keep them connected to what matters most. Watch this video to learn more. Who You Are Matters Here We’re committed to growing a workforce that reflects our communities, and providing equal opportunities for employment and advancement. EOE, including disability/vets. Learn about our inclusive culture."
3901963326,Healthcare Concierge - DVH Quality Assurance**,Desert Valley Hospital & Medical Group,acute care; application process; communication; customer service; negotiate compromises; patents; patient safety theories; plan; screen reader,acute care; application process; communication; customer service; negotiate compromises; patents; patient safety theories; plan; screen reader,,"Overview Desert Valley Hospital is an accredited 148-bed acute care hospital located in Southern California. Desert Valley Hospital is in the top 5% of more than 4,500 hospitals nationwide for clinical performance. The hospital has achieved numerous quality award distinctions including Patient Safety Excellence Award, Women’s Health Excellence Award and Distinguished Hospital Clinical Excellence Award. Desert Valley Hospital, along with Desert Valley Medical Group, offers key services to the community including heart care, emergency services, labor and delivery, surgical services and more. For more information visit www.DesertValleyHospital.com . Join an award-winning team of dedicated professionals committed to our core values of quality, compassion and community ! Why Prime Healthcare? Desert Valley Hospital, a member of the Prime Healthcare Foundation, offers incredible opportunities to expand your horizons and be part of a community dedicated to making a difference. Desert Valley Hospital offers competitive compensation and a comprehensive benefits package that provides employees the flexibility to tailor benefits according to their individual needs. Our Total Rewards package includes, but is not limited to: Paid Time Off401K retirement planOutstanding MedicalDentalVision CoverageTuition ReimbursementMany more Voluntary Benefit Options! Benefits may vary based on collective bargaining agreement requirements and/or the employment status, i.e. full-time or part-time. This is a Fast-paced work environment in which you can take pride in serving an underserved community. Come Join a Team of Dedicated Healthcare Workers!!! We are an Equal Opportunity Employer and do not discriminate against applicants due to veteran status, disability, race, gender, gender identity, sexual orientation, or other protected characteristics. If you need special accommodation for the application process, please contact Human Resources. Know Your Rights: https://www.eeoc.gov/sites/default/files/2022-10/EEOC_KnowYourRights_screen_reader_10_20.pdf Responsibilities Assists visitors, patients, vendors or employees during hospital operating/visitor hours in accordance with Prime established policies and procedures. Create positive first impression for each individual who enters the hospital and maintain the safety of our patients, community and staff. Greet visitors, patients, vendors or employees and follow the outlined Prime established policies and procedures including utilizing Prime provided script for interactions. Notifies visitor in the event responses to script do not meet established guidelines for access to the facility that may not be able to admit inside the hospital offering to redirect to the emergency department for further evaluation. Assist in assuring no children under 16 will be permitted in the ICU (outside Emergency Department). Performs other duties as assigned or required, but not limited to visitor and patient wayfinding, participation in staff engagement activities, and patient experience-related projects. Qualifications EDUCATION, EXPERIENCE, TRAINING High School Diploma or Equivalent required. Previous experience in office or receptionist. Effective written, verbal communication, and interpersonal skills. Ability to multi-task, prioritize needs to meet required timelines. Analytical and problem-solving skills. Customer Services experience preferred. Desert Valley Hospital offers competitive compensation and a comprehensive benefits package that provides employees the flexibility to tailor benefits according to their individual needs. Our Total Rewards package includes, but is not limited to, paid time off, a 401K retirement plan, medical, dental, and vision coverage, tuition reimbursement, and many more voluntary benefit options. A reasonable compensation estimate for this role, which includes estimated wages, benefits, and other forms of compensation, is $16.00. The exact starting compensation to be offered will be determined at the time of selecting an applicant for hire, in which a wide range of factors will be considered, including but not limited to, skillset, years of applicable experience, education, credentials and licensure."
3902838585,Senior Salesforce Developer (Clearance Eligible),Deloitte,"blow moulding machine parts; communication; computer engineering; computer science; computer technology; data extraction, transformation and loading tools; decommissioning; devops; ict project management methodologies; javascript; jenkins (tools for software configuration management); lead others; think creatively; tools for software configuration management","blow moulding machine parts; communication; computer engineering; computer science; computer technology; data extraction, transformation and loading tools; decommissioning; devops; ict project management methodologies; javascript; jenkins (tools for software configuration management); lead others; think creatively; tools for software configuration management",,"Are you an experienced, passionate pioneer in technology - a solutions builder, a roll-up-your-sleeves technologist who wants a daily collaborative environment, think-tank feel and share new ideas with your colleagues - without the extensive demands of travel? If so, consider an opportunity with our US Delivery Center - we are breaking the mold of a typical Delivery Center. Our US Delivery Centers have been growing since 2014 with significant, continued growth on the horizon. Interested? Read more about our opportunity below ... The Team Customer & Marketing The Customer & Marketing Offering Portfolio integrates our most differentiated, globally recognized customer and marketing businesses. It focuses on owning the commercial agenda through growth strategy, enhanced user experiences, and engagement through the entire customer lifecycle. From our core strengths in creative design, to strategy, platforms, and solutions, as well as our continued growth through acquisitions, we are specifically positioned to bring fully integrated solutions to our clients. We are all consumers and personal marketers. This reality is what makes the Customer & Marketing Offering Portfolio so exciting. What we deliver in the market each day directly impacts who we are as customers. We can deliver on outcomes for the very products and services that we have the privilege of engaging with ourselves. Digital Customer Our Digital Customer team focuses on designing and implementing sales and service experiences, capabilities, and architectures to bring customer strategies to life. Our ambition is to be the best in the world at driving customer transformation through the development of clever commercial strategies, distinctive experiences, and the application of digital technologies. We help make the ""creative digital consultancy"" real and in doing so, make new markets. Work you'll do Develop end to end Salesforce solutions using Configuration and Customization - APEX Class, Triggers, Visualforce pages, Lightning components etc.Perform independent code reviews, unit testing, integration testing, and support user acceptance testing to ensure high-quality deliverables.Initiate, lead, and deliver Salesforce projects, including maintaining a role in developing and designing architecture.Possess the ability to effectively debug and resolve issues and/or defects that may be reported because of faults in the production system.Participate in an Agile environment; daily scrum meetings, analyze assigned user stories, and identify and resolve gaps in functional user stories and business requirements.Perform code reviews, mentor junior developers to maintain high-quality coding standards, and ensure best practices are followed. Qualifications Required Bachelor's degree, preferably in Computer Science, Information Technology, Computer Engineering, or related IT discipline; or equivalent experience.7+ years of total IT experience with at least 6+ years of Salesforce project development experience.Strong Salesforce customization and configuration experience (at least 1 or more of the following five Salesforce modules: Sales Cloud, Service Cloud, Field Service Lightning, Salesforce Experience Cloud, and knowledge).Ability to migrate Salesforce classic features to Lightning experience, including converting Visualforce pages to lightning components and / or using Lightning Design Systems.Experience in UI technologies like JavaScript, Lightning Design System, and Lightning Web Components.Experience using Salesforce configuration and customizations using Apex, Visualforce, Triggers, Scheduled and Batch classes etc.Knowledge of the Product Development Lifecycle, DevOps, and Deployment tools such as GIT, Jenkins, JIRA, ANT, Change Sets and Force.com IDE.Proven integration experience using integration techniques - REST, SOAP APIs, oAuth and Single Sign-On.Experience with code reviews, leading teams, or projects.Must live in a commutable distance (approximately 100-mile radius) to one of the following Delivery locations: Atlanta, GA; Charlotte, NC; Dallas, TX; Gilbert, AZ; Houston, TX; Lake Mary, FL; Mechanicsburg, PA; Philadelphia, PA with the ability to commute to assigned location for the day, without the need for overnight accommodationsExpectation to co-locate in your designated Delivery location up to 30% of the time based on business needs. This may include a maximum of 10% overnight client/project travel.Must be legally authorized to work in the United States without the need for employer sponsorship, now or at any time in the future.Must be able to obtain the required level of security clearance for this role. Preferred Certifications in the following areas - Certified Platform Developer I, Certified Platform Developer II.Troubleshooting and resolving technical issues and bugs related to Salesforce applications and integrations.Project Experience with ETL tools like MuleSoft or Informatica Cloud.Ability to multi-task & support multiple priorities.Strong verbal and written communication skills. Information for applicants with a need for accommodation: https://www2.deloitte.com/us/en/pages/careers/articles/join-deloitte-assistance-for-disabled-applicants.html"
3906225888,Management Trainee,Cintas,assertiveness; customer service; first aid; lead others; manage time; office administration; perform cleaning duties; perform warehousing operations; plan,assertiveness; customer service; first aid; lead others; manage time; office administration; perform cleaning duties; perform warehousing operations; plan,,"Requisition Number: 171383 Job Description Cintas is offering a Management Trainee program to college graduates designed to prepare you for your professional life. We have the same goals. You want an exceptional job, and we want a dedicated employee-partner to join our team and lead our company. Cintas is currently seeking a Management Trainee to participate in an extensive, well-structured training program designed to provide a strong knowledge of all aspects of our business. The Management Trainee program combines a series of rotations in various departments and classroom seminars, with the purpose of preparing the individual for a leadership role in the area that maximizes their strengths and career advancement potential. Upon completion of the program, the Management Trainee graduate will take on a key role as a new business Sales Representative. Following one’s time in Sales, Management Trainee graduates will be eligible to apply for a position in one of several areas, including but not limited to: Outside Sales, Production/Warehouse Management, Office Management or Service Management. Driving a van/truck or personal car is required in two of the rotations. Our Management Trainee program is available nationwide. Skills/Qualifications Required Must have, or will obtain, a Bachelor's degree within six months Requirements Qualified candidates must meet all requirements outlined by the Department of Transportation (DOT) for driving a regulated vehicle weighing more than 10,000 lbs. In order to comply with DOT requirements, qualified candidates must, prior to their first day of employment: Have an active driver's licenseBe at least 21 years of ageObtain a DOT medical certificationProvide documentation regarding their previous employment Preferred Co-op or internship experience in a Customer Service, Sales, Production or Administrative roleA business or otherwise related academic majorA leadership/management role on campus or related extracurricular activitiesWillingness to relocate regionally during, or at the end of, the program Cintas offers comprehensive and competitive medical, dental and vision benefits, featuring employee health care premiums that are 30% lower than the national average for our industry. One of our medical plan options is even offered at zero cost to our partners. Additionally, Our Employee-partners Enjoy Competitive Pay 401(k)/Profit Sharing/Employee Stock Ownership Program Disability and Life Insurance Packages Paid Time Off and Holidays Career Advancement Opportunities Headquartered in Cincinnati, Cintas is a publicly held company traded over the Nasdaq Global Select Market under the symbol CTAS and is a component of both the Standard & Poor’s 500 Index and Nasdaq-100 Index. Cintas Corporation helps more than 900,000 businesses of all types and sizes get READY™ to open their doors with confidence every day by providing a wide range of products and services that enhance our customers’ image and help keep their facilities and employees clean, safe and looking their best. With products and services including uniforms, mats, mops, restroom supplies, first aid and safety products, fire extinguishers and testing, and safety and compliance training, Cintas helps customers get Ready for the Workday®. To support our growth across North America, we’re seeking driven professionals with ambition to move up within our company. Our professional culture, our dedication to our employee-partners and limitless career opportunities—these are just a few benefits we’re proud to offer. Our employee-partners know every job is critical, and that teamwork drives innovation. Let’s talk about how you’ll fit into our team and how your hard work will be recognized through competitive pay, world-class benefits and ongoing career development. Are you Ready™ for limitless opportunities at Cintas? Cintas Corporation is an EEO/Affirmative Action Employer and will make all employment-related decisions without regard to race, color, religion, sex, sexual orientation, gender identity, national origin, disability or protected veteran status. Job Category: Service Organization: Rental Employee Status: Regular Schedule: Full Time Shift: 1st Shift"
3904720377,Customer Service - Customer Service Supervisor,Safariland,communication; computer assisted language learning; customer relationship management; customer service; lead a team; lead others; pregnancy; project management,communication; computer assisted language learning; customer relationship management; customer service; lead a team; lead others; pregnancy; project management,,"TOGETHER, WE SAVE LIVES Overview Provides daily supervision of Customer Service Representatives providing support for all customer business requests received through phone, fax, or e-mail. Supervises the timely and accurate processing of customer contacts within established policies, procedures, and directives. Responsibilities Develop, implement, and supervise procedures in the daily management of: Onboarding new hires and job training B2C Orders Returns and related requests Information requests Order fulfillment Customer account set-up Importing and reconciliation of order imports Contact handling procedures Implement and monitor adherence to key performance metrics (KPI) to measure: Accurate and timely order entry Contact responsiveness Customer satisfaction Order fill and shipping performance to commitment Phone answer rates Reviewing metrics with employees/management -daily, weekly, and monthly basis Alignment of Customer Service organization to outside Sales Representative groups or similar geographic territories to insure: Key account management Customers advocacy Cross-functional communication Develop and implement action plans to decrease: Order entry errors Returns Shipping errors Billing errors Cancelation request Other duties as assigned or necessary for the overall well-being of the department or company, including oversight in the absence of the Customer Service Manager. Supervises a team of Customer Service Representatives. Responsible for the professional development, coaching, counseling, corrective actions, and training of personnel assigned Qualifications Minimum two (2) years supervisory experience or proven leadership in a team environment. Three (3) years customer service experience required. Associates Degree in a business related field or three (3) years additional equivalent combination of work experience or education required. Intermediate knowledge of MS Office: Word, Excel, Outlook is required. Intermediate knowledge of ERP systems and processes. Intermediate knowledge of CRM systems and processes. Ability to lead a team in a fast-paced environment. Intermediate Automatic Call Distributor administration. Intermediate knowledge of Chat Platform and processes. Intermediate knowledge of E-Commerce systems and processes. Excellent interpersonal skills. Excellent communication skills both verbal and written. Exceptional time management skills. Proven ability to multitask. Project management skills. Process improvement skills. The Safariland Group believes in the benefits of a diverse workforce and is committed to equal opportunity and affirmative actions . We pride ourselves on hiring and developing the best people, without regard to age, sex, sexual orientation, gender identity, genetic characteristics, race, color, creed, religion, ethnicity, national origin, alienage, citizenship, disability, marital status, military status, pregnancy, or any other legally-recognized protected basis prohibited by applicable law. For those applicants with disabilities, if you require reasonable accommodation in searching for a job opening or submitting an application, please contact us by calling 888-469-6455. All employment decisions are solely based on the applicant's qualifications as they relate to the requirements of the position. Apply Now"
3901955555,Stock Associate - Part Time,AM Retail Group,examine merchandise; manage time; personal protective equipment; work in shifts,examine merchandise; manage time; personal protective equipment; work in shifts,,"At Karl Lagerfeld Paris, our stock team is one of the largest reasons for our success. We have openings for Part Time Stock Associates at our Woodbury Common Premium Outlets (Central Valley, NY) location. JOB QUALIFICATIONS: One to two year’s related experience in inventory or retail work preferred. Ability to regularly lift up to 50 pounds and stand on concrete floors during scheduled shifts of 8 to 10 hours. Ability to push, pull, reach, bend and twist through the shift, working at varying heights. Must be able to read, count and write to accurately complete documentation, utilize training tools and process inventory. Basic math skills (counting, adding, and multiplying). Withstand exposure to extreme temperatures and constant noise. Will be required to pass certification testing prior to operating equipment. RESPONSIBILITIES: Unload merchandise from trucks. Maintain an organized stockroom. Unload merchandise from trucks. Maintain an organized stockroom. Successfully receive and ship inventory, as well as see our related stock/inventory processes. Maintain visual presentation standards that are consistent with company standards when placing/restocking merchandise on the sales floor. Take inventory or examine merchandise to identify items to be reordered or replenished. Comply with operational standards, to include the following safety policies and proper censoring of merchandise. Develop proficiency in all operational policies and procedures. Communicate clearly and effectively. Manage time and prioritize tasks. Demonstrate the ability to take directions from various managers. COVID-19 Precautions: Personal protective equipment provided or required. Social distancing guidelines in place. Sanitizing, disinfecting, or cleaning procedures in place. OTHER INFORMATION: Being successful at AM Retail Group means putting the best ideas to work, taking action and following through. You will be challenged by smart, committed co-workers and pushed to be your best. This is a place where your individual talents and creativity make a difference. We are a dynamic company that provides competitive salary and excellent benefits including medical, dental, 401k, life, disability and more! Equal Opportunity Employer AM Retail Group's family of retail stores include: Wilsons Leather, GH Bass & Co, DKNY, Calvin Klein Performance Shops, and Karl Lagerfeld Paris The pay range for this position is: $14.20 to $17 per hour. Please note that the foregoing compensation information is a good-faith assessment associated with this position only."
3904725641,Remote - Clinical Trial Specialist,Beacon Hill Staffing Group,assume responsibility; clinical science; communication; electronic communication; negotiate compromises; plan; report facts,assume responsibility; clinical science; communication; electronic communication; negotiate compromises; plan; report facts,,"A highly reputable biopharmaceutical corporation is currently hiring a qualified Clinical Trial Specialist to work remotely in the United States. Position Summary: The Clinical Trial Specialist (CTS) is responsible for providing logistical support for one or more clinical trial programs. This position will work closely with cross-functional teams to ensure site start-up through close-out activities are conducted in accordance with Standard Operating Procedures (SOPs) and applicable regulations governing the conduct of clinical trials. Responsibilities: Actively involved in the performance of study feasibility assessments. Develop and review study documents (e.g., site instructions, diaries, lab manual, Pharmacy Binder, Study Management Plan, etc.) and clinical site documents (e.g., site specific informed consent forms). Manage the collection, review, and approval of regulatory documents from clinical sites. Coordinate investigational product release activities across clinical sites. Manages and tracks study specific payments. Create study-specific site budgets. Initiate, maintain, and reconcile the Trial Master File. Assists in the preparation of Investigator and Study Coordinator Meetings. Set-up and maintain tracking systems (e.g., CTMS), tools and report study metrics to support the clinical trial programs. Coordinate communication of tracking information within the study team and to the clinical sites. Develop and review Standard Operating Procedures. Serve as a subject matter expert for the CTS role on initiatives and working groups. Mentor Clinical Trial Associates.May be responsible for the following activities: Manage ancillary vendors, such as a specialty lab. Assist with study-specific training of Clinical Research Associates Perform site initiation, routine monitoring, and close-out visits at a limited number of clinical sites, as well as co-monitoring with Clinical Research Associates. Review site visit reports, under the direction of the Clinical Program Manager or designee Negotiate aspects of study-specific site budgets. Requirements: Bachelor Degree or equivalent is required (scientific or healthcare discipline preferred)3 plus years of clinical research experience Previous experience in clinical trial coordination and/or site management Understanding of study phases and general knowledge of how they apply to clinical development. Working knowledge of ICH Good Clinical Practice guidelines Able to handle multiple tasks and deadlines. Must be self-motivating and able to work on problems of moderate scope and complexity where analysis of situations or data requires a review of a variety of factors. Able to identify issues and take appropriate actions. Highly effective verbal and written communication skills Must have the ability to build and maintain positive relationships with management and peers. Experienced using computer applications including spreadsheets, email, word-processing software, and web-based systems. 10% travel may be required."
3888938735,IT Field Services Technician II,GenesisCare,cisco; communication; customer service; guide staff; heat transfer processes; medical oncology; operate private branch exchange; operating systems; troubleshoot; urology; work independently,cisco; communication; customer service; guide staff; heat transfer processes; medical oncology; operate private branch exchange; operating systems; troubleshoot; urology; work independently,,"At GenesisCare we want to hear from people who are as passionate as we are about innovation and working together to drive better life outcomes for patients around the world. IT Field Services Tech II Role Summary The IT Field Services Tech II will be a part of a team of mobile field technicians in one of our four South Florida regions. The applicant will configure, support, and install a diverse range of complex clinical systems (hardware and software). Duties can range from new facility implementations, to system upgrades, to break/fix support for endpoints, networks, and servers. This position will act as the hands-on support for our clinics in the designated South Florida region. Your Key Responsibilities Must be able to configure, support and install a diverse range of complex systems (hardware and software)Maintain attendance according to scheduled days and hours and appropriate dress and appearance standards, according to company policy.Attend mandatory company training sessions as required by state/federal law where applicable.Perform voice and data communication network installation and support.Consistently and accurately track, update, and close assigned support requests.Troubleshoot remote user issues connecting via Virtual Private Network.Ability to install/replace Cisco/PBX network and telephony switches.Ability to install/configure/troubleshoot IP phone related issues. Minimum Qualifications Position requires hands-on experience with computer systems in a corporate IT environment.Applicant shall have strong knowledge of PC operating systems, hardware, networking and applications.Ability to work greater than 40 hours a week.Healthcare IT and/or radiation oncology systems preferred.Citrix XenApp, XenMobile, XenDesktop support.Telecommunications (PBX, voice, data) preferred.Strong knowledge of ALL Windows applications (usage, configuration and support).Good understanding of TCP/IP networks.Ability to continually learn new systems.Is motivated, energetic, positive, adaptable, and innovative.Ability to work independently with little supervision when required.Ability to perform problem diagnosis for end users with varying degrees of technical understanding.Ability to work with vendors to resolve 3rd party software/hardware issues, as guided by Clinical IT team.Must have strong customer service and interpersonal communication skills.Must possess excellent organizational skills.Must work well in a team environment.Must have reliable transportation. Preferred Qualifications CS/CIS/MIS degree and/or equivalent technical training or 4+ years of relevant enterprise IT experience considered in lieu of education4+ years - Supporting systems and applications in a large LAN/WAN environment.2-3+ years supporting multiple clinical and EMR applications. Such as Aria by Varian, Mosaiq by Elekta, Intergy by Greenway, etc.4+ years - Configuration and support of desktop HW, SW, printers and peripherals4+ year- Installing complex hardware and software. About GenesisCare An integrated oncology network in Florida and North Carolina providing care for more than 115,000 patients annually, GenesisCare offers community-based cancer care at convenient, freestanding locations. The company’s purpose is to redefine the care experience by improving patient outcomes, access, and care delivery. With advanced technology and innovative treatment options, our skilled physicians and support staff offer comprehensive and coordinated care in radiation oncology, medical oncology, hematology, urology, diagnostics, ENT and surgical oncology. For more information, visit genesiscare.com/us. GenesisCare is an Equal Opportunity Employer that is committed to diversity and inclusion. GenesisCare is an Equal Opportunity Employer."
3886453384,Director Business Compliance,Discover Financial Services,accounting; business processes; economics; electronic communication; patents; perform procurement processes; plan; risk management,accounting; business processes; economics; electronic communication; patents; perform procurement processes; plan; risk management,,"Discover. A brighter future. With us, you’ll do meaningful work from Day 1. Our collaborative culture is built on three core behaviors: We Play to Win, We Get Better Every Day & We Succeed Together. And we mean it — we want you to grow and make a difference at one of the world's leading digital banking and payments companies. We value what makes you unique so that you have an opportunity to shine. Come build your future, while being the reason millions of people find a brighter financial future with Discover. Job Description Job Description: Responsible for overseeing team of compliance advisors that provide compliance guidance and related services to the business. Works with the business to operationalize legal and regulatory requirements, review of business unit procedures and training for compliance matters, and providing advice and effective challenge related to regulatory and business process changes. Creates a culture of effective risk management, accountability, and demonstration of risk awareness across the organization. Responsibilities Leads a team of compliance advisors that provide compliance guidance and related services to the business to ensure compliance coverage across all consumer facing regulations applicable to DFS. Identifies compliance risks resulting from new or revised laws and regulations, ensures action plans are developed to manage the risks, including effective training, procedures, and other controls. Reviews and advises on new or revised business strategies, initiatives, and projects to ensure risks are effectively mitigated. Provides oversight of risks identified by risk assessment team to ensure adequate controls are in place to mitigate existing risks in the business. Minimum Requirements Bachelor’s degree in business or finance8+ years of consumer compliance, risk management, legal, including people management, or related In Lieu Of Education Experience 12+ years of consumer compliance, risk management, legal, including people management, or related Preferred Qualifications Master’s degree in law or business10+ years of consumer compliance, risk management, legal, including people management, or related2+ years of managing managersCRCMCertified professional (Internal Audit, Public Accounting, Law Degree, Risk Management, etc.) to evidence command/ expertise of subject matter in chosen field relevant to financial services Application Deadline The application window for this position is anticipated to close on Apr-08-2024. We encourage you to apply as soon as possible. The posting may be available past this date, but it is not guaranteed. Compensation The base pay for this position generally ranges between $173,000.00 to $263,400.00. Additional incentives may be provided as part of a market competitive total compensation package. Factors, such as but not limited to, geographical location, relevant experience, education, and skill level may impact the pay for this position. Benefits We also offer a range of benefits and programs based on eligibility. These benefits include: Paid Parental LeavePaid Time Off401(k) PlanMedical, Dental, Vision, & Health Savings AccountSTD, Life, LTD and AD&DRecognition ProgramEducation AssistanceCommuter BenefitsFamily Support ProgramsEmployee Stock Purchase Plan Learn more at mydiscoverbenefits.com. What are you waiting for? Apply today! All Discover employees place our customers at the very center of our work. To deliver on our promises to our customers, each of us contribute every day to a culture that values compliance and risk management. Discover is committed to a diverse and inclusive workplace. Discover is an equal opportunity employer and does not discriminate on the basis of race, color, religion, sex, sexual orientation, gender identity, national origin, age, disability, protected veteran status, or other legally protected status. (Know Your Rights & Pay Transparency Nondiscrimination Provision) Discover complies with federal, state, and local laws applicable to qualified individuals with disabilities and is committed to providing reasonable accommodations. If you require a reasonable accommodation to search for a position, to complete an application, and/or to participate in an interview, please email HireAccommodation@discover.com. Any information you provide regarding your accommodation needs will be kept confidential and will only be used to determine and provide necessary accommodation."
3902348657,Validation Technician,TechDoQuest,assembly (computer programming); blueprints; climbing equipment; computer programming; crimping; electrical machines; execute software tests; iron textiles; join metals; think creatively; troubleshoot; wire harnesses,assembly (computer programming); blueprints; climbing equipment; computer programming; crimping; electrical machines; execute software tests; iron textiles; join metals; think creatively; troubleshoot; wire harnesses,,"ResponsibilitiesFive plus years of Automotive Dealership Technician Experience to include ICE and EV Automotive SystemsSupporting testing engineers in instrumenting and test data collection. Performing validation testing following written test procedures. (Use Vector CANalyzer, Pico Scope, NexiQ, Somat, Dewesoft, and LabView to collect and analyze data.)Electrical diagnosis and repair of vehicle electrical issues for current product class 5-8 trucks and buses.Implementing electrical system changes to prototype vehicles.Using and maintaining vehicle diagnostics computer software.Ordering and maintaining repair parts inventory. Fabricating wire harness overlays.Inspection of completed wiring harness and harness routing and clipping quality for prototype vehicles.Create test harnesses and instrument vehicle for testing.Maintaining test equipment and calibration, as well as developing new test equipment.Desired SkillsMust be able to use industry standard mechanic tools such as impacts, torque wrenches, power probes, soldering iron, electrical crimping/depinning tools. (Must be able to remove door panels, seats, headliners, etc....)Fabrication, assembly, check-out, modification, and testing of prototype electromechanical systems, experimental design circuitry, or specialized test equipmentReading schematics, diagrams, written and verbal descriptions, or defined plans to perform testing.Performing operational testing and fault isolation on electrical systems and equipmentUsing diagnostic software to program, configure, or troubleshoot engine, transmission, brakes, and vehicle microcontrollers.Construction, test and check-out of test equipmentManufacturing, testing, development of diagnostic equipment. Including, but not limited to, computer-based test programs, oscilloscopes, signal generators and specialized test apparatus.Development of testing process improvementsCDL license to drive school bus and heavy truck would be most helpful.Experience in a testing environment to include Cold/Hot chamber, dyno, and wind tunnel."
3901986376,"Director, Technical Sourcing Engineering - Electrical / Mechanical",Thermo Fisher Scientific,communication; energy; lead others; life sciences; mechanical engineering; morality; organisational structure; plan; strategic planning; think creatively; trademarks; unity (digital game creation systems),communication; energy; lead others; life sciences; mechanical engineering; morality; organisational structure; plan; strategic planning; think creatively; trademarks; unity (digital game creation systems),,"Company Information Thermo Fisher Scientific Inc. is the world leader in serving science, with annual revenue exceeding $30 billion. Our Mission is to enable our customers to make the world healthier, cleaner and safer. Whether our customers are accelerating life sciences research, solving complex analytical challenges, improving patient diagnostics and therapies or increasing productivity in their laboratories, we are here to support them. Our global team of more than 125,000 colleagues delivers an unrivaled combination of innovative technologies, purchasing convenience and pharmaceutical services through our industry-leading brands, including Thermo Scientific, Applied Biosystems, Invitrogen, Fisher Scientific, Unity Lab Services and Patheon. For more information, please visit www.thermofisher.com. Position Summary The Director, Technical Sourcing Engineering, will lead a technical team focused on strategic costs initiatives in support of productivity targets. The role will partner closely with the Research and Development leaders within the divisions to find opportunities for reducing product costs. The team will be engaged in design reviews during New Product Introductions for supplier selection efforts, should cost analysis, and technical engagements to support costs out initiatives. This role will also drive project prioritization across divisions for cost saving optimization. The role requires a deep understanding of product design, procurement, as well as a strong focus on cost analysis, financial modeling, and stakeholder management. Key Responsibilities: Effective leadership to establish and promote a vision for the team that’s aligned with the company’s strategy and best interests while delivering cost out initiatives on time and with superior quality. Supports commodity team as required on developing commodity strategy documents, and 3-5 year growth playbook plans. Ensure technical sourcing engineer coverage for NPI activities focused on delivering high-quality, low-cost products and support in all commercial negotiations and supplier selections within assigned commodities. Set an effective and scalable organizational structure and define clear roles and responsibilities for the group, manage workloads and career development, and set clear direction for assigned projects. Manage teams responsible for cost reduction and revenue protection activities. Engages with procurement leadership to support assessment of the technical landscape and identifies emerging trends for assigned commodities, including the creation and maintenance of technical playbooks. Responsible for assessing supplier technical capability and collaborates with assigned suppliers to build continual pipeline of supplier improvement initiatives Finds opportunities, in partnership with R&D, Procurement, Operations for product tear- down events in support of emerging market evaluation, and product optimization. Qualifications: 15+ years of relevant industry experience in engineering, with prior experience in cost engineering. Must have at least 5 years as a people leader, preferably at the Director level. Bachelor’s degree required in engineering, mechanical engineering degree preferred. Exceptional communication skills. Able to deliver clear messages to a wide variety of audiences. Extensive experience in managing teams in large geographical regions. Proven success leading cost transformation initiatives in complex environments. Excellent conceptual problem-solving skills with ability to bring pragmatic scope and structure to vaguely defined problems, and manage execution. High energy, team oriented and results focused. Strong leadership skills with a ability to influence different styles. Experienced in navigating ambiguity and change with an entrepreneurial mindset. Demonstrated track record in the development & implementation of strategic plans At Thermo Fisher Scientific, each one of our 125,000 extraordinary minds have a unique story to tell. Join us and contribute to our singular mission—enabling our customers to make the world healthier, cleaner and safer. Thermo Fisher Scientific is an EEO/Affirmative Action Employer and does not discriminate on the basis of race, color, religion, sex, sexual orientation, gender identity, national origin, protected veteran status, disability or any other legally protected status. We offer competitive remuneration, annual incentive plan bonus, healthcare, and a range of employee benefits! Thermo Fisher Scientific offers employment with an innovative, forward-thinking organization, and outstanding career and development prospects. We offer an exciting company culture that stands for integrity, intensity, involvement, and innovation! We will ensure that individuals with disabilities are provided reasonable accommodation to participate in the job application or interview process, to perform essential job functions, and to receive other benefits and privileges of employment. Please contact us to request an accommodation."
3887703889,General Manager,"Tailwind Hospitality, Inc.",communication; customer service; develop strategy to solve problems; food materials; lead others; manage revenue; manage time; morality; plan,communication; customer service; develop strategy to solve problems; food materials; lead others; manage revenue; manage time; morality; plan,,"Job description Looking for something a little different, enjoy meeting new people from around the world? Come join the Tailwind Team! As a national company stretching coast to coast across America. If you are a strong leader, with multiple years of restaurant experience and restaurant management experience whose ready to take on new challenges and help Tailwind grow, come lead the ROA Roanoke Virginia Airport team. To excel as the General Manager, you will need to coordinate, supervise and direct all property food and beverage operations while maintaining a profitable F&B department and high-quality products and service levels. The General Manager is responsible for reducing turnover, maintain revenue, payroll budgets and meet budgeted productivity while keeping quality consistent with Company standards. As the leader you will provide inspiring and strategic leadership while directing the activities of the Food & Beverage Department in support of the mission, core values, standards and goals established by the company. Areas of ResponsibilityPrimary areas of responsibility include, but are not limited to the following:Monitor and control payroll and other expenses.Adhere to F&B budgets.Create schedule utilizing forecasting and scheduling tools to provide maximum efficiency and labor savings.Directs food and beverage services organizational strategies by contributing information, analysis, and recommendations to functional strategic thinking and direction.Participate in weekly department head meetings & individual meetings as needed to meet business plan objectives and provide the appropriate communication and direction.Implements food and beverage financial strategies by anticipating requirements, trends and variances; develops budgets and capital expenditure plans; develops action plans, measures and analyzes results, initiates corrective actions, minimizing the impact of variances.Reviews potential F&B menus; evaluates popularity of past menu options and availability of seasonal food ingredients and wines; anticipates food and beverage consumption and estimates cost of ingredients; minimizing waste; approving orders with suppliers; monitors the evaluation of the quality of product.Controls F&B supplies by meeting with sales representatives; negotiating prices and contracts; developing preferred supplier lists; reviewing and evaluating usage reports; analyzing variances; taking corrective actions.Keeps F&B equipment operating by enforcing adherence to operating instructions.Maintains safe, secure, legal and healthy work environment by establishing, following and enforcing sanitation and quality of food and beverage preparation and service standards and procedures; monitors conformance to the regulations of the alcoholic beverage commission; enforcing sanitation and legal regulations of all kitchens, bars and service areas.Identifies current and future customer service requirements by establishing rapport with potential and actual customers and other persons in a position to understand guest service requirements.Maintain the integrity of Company proprietary information and protect Company assets.All other duties as assigned, planned or un-planned.Must be able to pass a background check to receive an Airport Badge License/Certification:Driver's License (Required) Work Location: In personJob Type: Full-time Salary: $55,000.00 - $60,000.00 per year BenefitsDental insuranceEmployee discountFlexible scheduleHealth insurancePaid time offPaid trainingVision insurance Experience level:1 year Restaurant type:BarCaféCoffee shopFast casual restaurant Shift:Day shiftEvening shiftMorning shift Weekly day range:Monday to FridayWeekends as needed. Application Question(s):Must be able to Pass a Federal Background CheckLicense/Certification:ServSafe (Required)"
3891256033,Lead SailPoint IIQ Developer,Ziontech Solutions Inc,communication; database; digital identity management; ict project management methodologies; java (computer programming); lead others; work independently,communication; database; digital identity management; ict project management methodologies; java (computer programming); lead others; work independently,,"Company Description Ziontech Solutions Inc is a trusted end-to-end systems integrator focusing on security. We provide strategic and flexible solutions customized to our customers' needs, with a wide enterprise security portfolio. Our aim is to enable organizations to have the right individuals access the right resources at the right time for the right reasons. We help optimize database security, identity and access management practices, mitigate advanced threats, protect critical assets, safeguard the cloud and mobile, and use security as a competitive advantage. Role Description This is a remote contract role for a Lead SailPoint IIQ Developer. The Lead SailPoint IIQ Developer will have day-to-day responsibilities that include designing, developing, and testing SailPoint IdentityIQ solutions for our clients. They will collaborate with cross-functional teams and stakeholders to understand requirements and deliver high-quality solutions. The Lead SailPoint IIQ Developer will also provide technical guidance and mentorship to junior developers. Qualifications Experience in designing and developing SailPoint IdentityIQ solutionsProficiency in Java/J2EE, XML, and SQLKnowledge of identity and access management (IAM) concepts and best practicesExperience with deployment and configuration of SailPoint IdentityIQStrong analytical and problem-solving skillsExperience with Agile methodologiesExcellent communication and interpersonal skillsAbility to work independently and remotelyCISSP or other relevant certifications are a plus Interested candidates please share your updated resume at lavakumarg@ziontech.com"
3901945452,General Manager,Diamond Peak Recruiting,assume responsibility; communication; cost management; dies; environmental legislation; lead others; lean manufacturing; manage inventory; manufacturing processes; operations management; production processes; quality assurance procedures; quality standards; show entrepreneurial spirit; strategic planning,assume responsibility; communication; cost management; dies; environmental legislation; lead others; lean manufacturing; manage inventory; manufacturing processes; operations management; production processes; quality assurance procedures; quality standards; show entrepreneurial spirit; strategic planning,,"Job Title: General Manager - Factory OperationsSummary: As the General Manager of Factory Operations, you will be responsible for overseeing all aspects of the factory's day-to-day operations. This role requires strong leadership skills, a keen understanding of manufacturing processes, and the ability to drive continuous improvement initiatives. You will work closely with various teams to ensure efficiency, quality, and safety standards are met while optimizing production output. The General Manager will also play a key role in strategic planning, budget management, and fostering a culture of teamwork and innovation.Key Responsibilities:Leadership and Team Management:Provide leadership and direction to all factory staff, including production, maintenance, quality control, and administrative teams.Foster a culture of accountability, collaboration, and continuous improvement.Develop and mentor team members to enhance their skills and capabilities.Operations Management:Oversee all aspects of factory operations to ensure smooth and efficient production processes.Develop and implement operational policies, procedures, and best practices.Monitor key performance indicators (KPIs) and implement measures to improve productivity, quality, and cost-effectiveness.Production Planning and Scheduling:Develop production plans and schedules to meet customer demand while optimizing resource utilization.Coordinate with sales, marketing, and supply chain teams to forecast demand and adjust production accordingly.Ensure on-time delivery of products and maintain inventory levels within target ranges.Quality Assurance and Compliance:Establish and maintain quality standards and procedures to ensure compliance with regulatory requirements and customer specifications.Implement quality control measures throughout the production process and address any issues that arise.Conduct regular audits and inspections to identify areas for improvement and prevent defects or non-conformities.Health, Safety, and Environmental Management:Promote a culture of safety awareness and compliance with all health, safety, and environmental regulations.Implement safety protocols and procedures to minimize workplace accidents and incidents.Conduct regular safety inspections and training sessions to educate employees on best practices and hazard prevention.Budgeting and Cost Management:Develop and manage the factory's annual budget, ensuring alignment with strategic goals and objectives.Monitor expenses and identify opportunities to reduce costs while maintaining quality standards.Implement cost-saving initiatives and track performance against budgetary targets.Strategic Planning and Business Development:Collaborate with senior management to develop long-term strategic plans for the factory.Identify growth opportunities and new market trends to drive business expansion.Lead initiatives to improve efficiency, increase capacity, and enhance competitiveness in the market.Qualifications and Skills:Bachelor's degree in Engineering, Operations Management, or related field; Master's degree preferred.Proven experience in a leadership role within a manufacturing or production environment.Strong understanding of manufacturing processes, quality management systems, and lean manufacturing principles.Excellent communication, interpersonal, and problem-solving skills.Ability to work effectively in a fast-paced, dynamic environment and adapt to changing priorities.Proficiency in Microsoft Office Suite and ERP/MRP systems.Knowledge of health, safety, and environmental regulations and compliance standards.Demonstrated ability to lead cross-functional teams and drive organizational change.This job description outlines the key responsibilities, qualifications, and skills required for the position of General Manager - Factory Operations. The successful candidate will play a crucial role in driving operational excellence, ensuring quality and safety standards, and contributing to the overall success of the factory."
3884445235,Contract Administrator II,Zobility,work independently,work independently,,"Position Type : 12 Months Contract (possible extension)Job Description:This position is for an experienced Contracts professional, able to work independently in a fast-paced environment.Customer facing role responsible for various pre-award activities and an integral part of the value stream.Performs proposals activities in accordance with internal and external requirements including negotiations and finalization of contracts.Makes process improvements to enhance organization standard work and compliance effectiveness performance.Primary Responsibilities: Generates, interprets, and manages large multifaceted proposals and contracts, in accordance with internal standard work instructions and external customer requirements, to ensure compliance with business objectives and regulations.Assesses, interprets, and reviews documents to ensure that contracts are negotiated within agreed-upon parameters, including government procurement and cost control guidelines.Advises and represents the contracts organization on contractual requirements.Works closely with internal functional groups to support contracts negotiations with customers and execute contracts agreements in a timely manner.Prepares reports for internal functional groups review and approval.Participates in meetings to ensure all relevant functional groups understand the contractual requirements.Manages the interface between Client and external customers and helps resolve contractual matters.Prepares contract status reports for internal use and/or external customers.Manages encumbered outstand accounts receivable issues.Manage small projects, process improvements, including CORE initiatives.Preferred Qualifications :Experience working in the Aerospace Industry or directly for Client.Previous Contracts, Supply Chain or Procurement experience.SAP experience.Experience with FAR 12 and FAR 15 contracting – Commercial Item background.Experience with FAR and DFARS regulations.Experience working with government contracts, writing proposal and negotiations.Experience with customer interfacing for contracts and negotiations, and agreement (NDA's, MOU's, MOA's, etc.).Able to perform in a fast-paced environment.Able to multi-task and set daily goals.Education: Bachelor's degree and 5 plus years of relevant experience or in absence of a degree, 7 plus years of relevant experience is required."
3902758635,Treatment Coordinator,InterDent Service Corporation,financial forecasting; lead others; manage time; plan,financial forecasting; lead others; manage time; plan,,"At Gentle Dental, we value our teammate’s smile as much as our patient’s smile. Our vision is to provide exceptional, lifelong, integrated oral healthcare services. We enhance the quality of our patients’ lives by providing accessible oral healthcare, which is paramount to overall health and wellbeing. We focus on a commitment to patient care, operational and clinical excellence, personal accountability, building relationships, and seeking out innovative and creative approaches to support our patients and teams. We are hiring immediately for full and part time positions in our dental offices and are seeking teammates who care, listen, and are motivated to help our patients and communities. At Gentle Dental, our Treatment Coordinators manage patients full cycle from clinical diagnosis to treatment acceptance. You will successfully communicate financial planning and available options based on the proposed treatment. From the first appointment to the last, our Treatment Coordinators lead patients to a happy and healthy smile! Our Opportunities Provide a Full Suite Of Benefits Including Employee Assistance ProgramMedical and pharmacy, dental, vision (for employees and their families)Basic life, AD&D, and long-term disability insurance6 Paid holidays and 2 Paid floating holidayPTO (80 hours per year for hourly)401k plan and deferred compensation planReferral Bonuses ($600-$2,500 depending on role) Come join our team and make a difference in the lives of the people in your community! Qualifications A minimum of 1 to 2 years front office experience in a medical environment.Computer literate a must (QSI/Denticon experience is a plus).Bilingual is strongly preferredPrevious experience presenting Treatment Plans and going over costs of services preferred. Pay Range $18 - $22 per hour Location: Gentle Dental Apple Valley 18245 CA-18, Apple Valley, CA 92307 Schedule Full-time, 40 hours Gentle Dental has the resources you need to achieve true personal and career success."
3903844038,ETF Distribution Marketing Associate | Hybrid,Allianz Life,asset management; communication; environmental engineering; ict project management methodologies; plan; report facts; show entrepreneurial spirit; think creatively,asset management; communication; environmental engineering; ict project management methodologies; plan; report facts; show entrepreneurial spirit; think creatively,,"At Allianz Life, we are guided by our mission – we secure your future – and by our common goal of caring for tomorrow. We care for our employees by promoting an inclusive culture where everyone has the opportunity to grow and be rewarded for their success. We care for our customers by creating new products that help them protect their families and pursue their retirement goals. We care for our community by giving time, resources, and donations. And we care for the future by supporting sustainability, protecting the local environment, and promoting societal equity. What you do: Manage and identify opportunities to improve ETF marketing content. Implement tactical distribution marketing communications. Collaborate with Distribution Marketing Team on the development of ETF marketing initiatives through a cross-functional Agile delivery team. Communicate with marketing, distribution partners and support departments to ensure accuracy, effectiveness and on-time delivery of ETF marketing initiatives. Maintain a firm understanding of the ETF marketplace and ecosystem. You will report into the ETF Marketing Distribution Director. ETF content management: Ensure the accuracy and availability of existing marketing materials. Identify opportunities to improve existing marketing materials. Provide product/distribution information for marketing materials and communications. Drive the creation process of marketing materials with Creative Services and other support divisions. Maintain communication and collaboration on projects and programs. Keep abreast of competitive marketing materials and programs. Implement tactical marketing communications, including: Provide target markets and segments for ETF marketing communications. Accurate and timely deployment of communications. Report marketing initiative results. Relationship management: Communicate with marketing, distribution and all departments to promote marketing initiatives. Build relationships with peers on the marketing, distribution and other support teams. Collaborate with product development, distribution and training in the launch of new products. What you bring: 2+ years’ experience required in sales/marketing, with a minimum of 1-2 years in or adjacent to the ETF/mutual funds marketplace, financial services, and/or investment management industry Four year degree required in marketing, communications or related field or equivalent work experience Series 7 license preferred At Allianz Life, we’re proud to provide a benefits package that supports the True Balance of our employees and their families. We offer: a choice of comprehensive medical, dental and vision plan options, health savings account, tuition reimbursement, student loan retirement plan, generous annual paid leave, an outstanding 401(k) company match, and life insurance. Plus, our employees enjoy an award-winning campus with an array of discounted amenities, including an onsite health center, child development center, fitness facility, convenience store and two cafeterias. Our employees and leaders take an active role in shaping our culture through our Employee Resource Groups, whose activities and advocacy contribute to an environment that welcomes, includes and celebrates diversity. Our great benefits, campus amenities and inclusive, engaged culture are among the many reasons we’re recognized as a top workplace employer. 45701 | Marketing & Design | Professional | Allianz US Life | Full-Time | Permanent Warning: When posting this job advertisement on an external job board, the length of the following fields combined must not exceed 3950 characters: ""External Posting Description"", ""External Posting Footer"" Allianz Group is one of the most trusted insurance and asset management companies in the world. Caring for our employees, their ambitions, dreams and challenges, is what makes us a unique employer. Together we can build an environment where everyone feels empowered and has the conﬁdence to explore, to grow and to shape a better future for our customers and the world around us. We at Allianz believe in a diverse and inclusive workforce and are proud to be an equal opportunity employer. We encourage you to bring your whole self to work, no matter where you are from, what you look like, who you love or what you believe in. We therefore welcome applications regardless of ethnicity or cultural background, age, gender, nationality, religion, disability or sexual orientation. Join us. Let’s care for tomorrow."
3894299510,Corrections Project Manager III,City of Atlanta,communication; cost management; lead others; less; make decisions; metrology; morality; plan; program management; project management; statistics; work independently,communication; cost management; lead others; less; make decisions; metrology; morality; plan; program management; project management; statistics; work independently,,"Job Description Position expires:4/15/24 Job Description Salary commensurate with experience These are typical responsibilities for this position and should not be construed as exclusive or all-inclusive. May perform other duties as assigned. The individual in this position performs project management function and provides support to the City of Atlanta Department of Corrections. The focus of this role is to implement a variety of community service-related projects, manage corrections related special projects including joint agency projects with local government entities, preparation of jail reports and statistics, capital and security related improvement projects, and other highly technical special projects for the Department of Corrections and Community Service. May work independently but will also work closely with the Chief of Corrections and the Department of Corrections’ executive team. Otherwise, mostly works as a fully functioning individual contributor. Major Duties And Responsibilities Defines and develops project/program management best practices, processes, and policy to ensure alignment with departmental strategy and goals. Defines and consults on measurement strategies, tools, scorecards across the Department. Creating long- and short-term plans, including setting targets for milestones and adhering to deadlines. Assist and suggest how tasks should be delegated on the project to employees best positioned to complete them Making effective decisions when presented with multiple options for how to progress with the project. Serving as a point of contact for teams when multiple units are assigned to the same project to ensure team actions remain in synergy. Monitors all projects and ensures achievement of all objectives; develops and maintains professional relationships with internal and external clients; develops strategy for all business objectives and determines effective implementation. Ensure alignment with the Department of Corrections and Mayor’s Office to keep the project synchronous with their goals. Performing quality control on the project throughout development to maintain the standards expected. Adjusting schedules and targets on the project as needs or financing for the project change. Ensures that effective project management governance, procedures, tools and financial controls are established and maintained. Leads initiatives to partner with internal teams to plan, scope, and manage for highest quality client experience and results; monitors all project processes and operations for time and resource efficiencies, cost management, and process improvement opportunities. After securing marching orders from the Chief of Corrections, the Project Manager III will make decisions with other workers and will have responsibility for completion of assigned tasks. May provide work group leadership, guidance, and/or training to less experienced staff. Promotes a culture of innovation, service and value May perform other duties as assigned. Knowledge, Skills & Abilities This is a partial listing of necessary knowledge, skills, and abilities required to perform the job successfully. It is not an exhaustive list. The Project Manager III must be able to perform at a high-level of competence with the utmost integrity including: Ability to lead through influence. Good Communication skills with executives, managers, peers, and subordinates. Strong problem-solving skills. Ability to lead and work with cross-functional teams. A conscientious attention to manage many moving parts and details all at once. Leadership Provided May train and supervise assigned planning technical or professional staff. Qualifications Minimum Qualifications Education and Experience A Bachelor’s degree in Criminal Justice or related field from an accredited college or university. A minimum of 7 years of professional experience managing complex projects and initiative for a government agency. Preferred Education And Experience A Master’s degree in Criminal Justice or related field and 10 years of directly related experience, (or an equivalent combination of education and experience)."
3905371121,Medical Technologist I - Rex Core Laboratory,UNC Health,electronic communication; less; manage time; manufacturing plant equipment; medical laboratory technology; pathology; perform minor repairs to equipment; report facts; test procedures,electronic communication; less; manage time; manufacturing plant equipment; medical laboratory technology; pathology; perform minor repairs to equipment; report facts; test procedures,,"Description This position is eligible for the UNC Health Rex Clinical Laboratory Incentive Program! UNC REX Healthcare is offering a commitment incentive for newly-hired employees of $10,000 for a two (2) year work commitment. Payments will be provided in equal installments to the new employee after each six (6) month period of work is completed for up to two (2) years. To learn more: https://jobs.unchealthcare.org/pages/lab-incentive-program?bid=12881 Become part of an inclusive organization with over 40,000 diverse employees, whose mission is to improve the health and well-being of the unique communities we serve. Summary Rex Core Laboratory is hiring a full-time Medical Technologist to join their team! The Medical Technologist performs a variety of patient testing and administrative tasks in support of the clinical activities in the UNC Healthcare System. The ideal candidate must have a Medical Lab Science or Medical Laboratory Technology degree. Laboratory experience as a generalist is preferred. This position is eligible for night shift and weekend premiums! Schedule: 10-hour shifts, 7 on/ 7 off, Wednesday - Tuesday (nights) Responsibilities Investigates problems with equipment, test results, specimens, and/or workflow. May participate on teams or perform special projects/assignments. May perform teaching of Clinical Laboratory Science students and Pathology residents and training of new employees. May serve as a technical resource. Performs quality control and equipment maintenance in the appropriate laboratory. Performs routine and less standardized test procedures which includes special chemical, microscopic and bacteriologic laboratory tests. Observes tests and reactions and provides data. Prepares specimens and reagents, solutions, heat, or filters as required. Reports results to healthcare providers. Consults/confers with health care providers regarding test results. Reviews test results to ensure accuracy of report and timely correction of errors. Other Information Other information: Education Requirements Requires Bachelor's of Science degree. Must meet eligibility requirements upon hire to sit for MT exam within 12 months of hire. Licensure/Certification Requirements Must obtain certification within one year of becoming exam eligible. Professional Experience Requirements No prior experience required. Knowledge/Skills/and Abilities Requirements Job Details Legal Employer: NCHEALTH Entity: UNC REX Healthcare Organization Unit: Rex Core Lab Work Type: Full Time Standard Hours Per Week: 36.00 Salary Range: $24.13 - $34.70 per hour (Hiring Range) Pay offers are determined by experience and internal equity Work Assignment Type: Onsite Work Schedule: Night Job Location of Job: US:NC:Raleigh Exempt From Overtime: Exempt: No This position is employed by NC Health (Rex Healthcare, Inc., d/b/a NC Health), a private, fully-owned subsidiary of UNC Heath Care System. This is not a State employed position. Qualified applicants will be considered without regard to their race, color, religion, sex, sexual orientation, gender identity, national origin, disability, or status as a protected veteran. UNC Health makes reasonable accommodations for applicants' and employees' religious practices and beliefs, as well as applicants and employees with disabilities. All interested applicants are invited to apply for career opportunities. Please email applicant.accommodations@unchealth.unc.edu if you need a reasonable accommodation to search and/or to apply for a career opportunity."
